so_number,delivery_id,delivery_number,item,delivery_status,tracking_number,carrier_name,ship_from_location_id,ship_to_location_id,customer_or_site_name,requested_quantity,shipped_quantity,uom,released_status,ordered_by_user_id,priority_code,authorization_status,creation_date,lpn_list
SO-0000107,12221,DEL-000222,ITEM-00035,CL,1Z847416741595523,UPS,102,201,KNOXVILLE_SITE,160,161,PK,B,QHPXPF,URGENT,REJECTED,2025-09-17,LPN-0000242
SO-0000029,12005,DEL-000006,ITEM-00060,CL,1Z336353730798237,USPS,103,101,NASHVILLE_DC,66,64,PK,R,RFI4XL,STD,IN PROCESS,2025-07-28,LPN-0000160
SO-0000112,12178,DEL-000179,ITEM-00198,STAGED,1Z432976435481987,FedEx,201,201,KNOXVILLE_SITE,148,149,CT,R,Y3T3LJ,URGENT,APPROVED,2025-06-26,LPN-0000069
SO-0000139,12138,DEL-000139,ITEM-00270,CL,1Z413417267961130,FedEx,301,201,KNOXVILLE_SITE,180,178,CT,R,GGBVT7,STD,REJECTED,2025-07-04,LPN-0000201
SO-0000123,12213,DEL-000214,ITEM-00007,STAGED,1Z169844794305695,USPS,301,301,MEMPHIS_DC,66,67,BX,R,7V5AIV,URGENT,REJECTED,2025-10-06,LPN-0000214
SO-0000004,12030,DEL-000031,ITEM-00247,IN_TRANSIT,1Z613096892835990,DHL,301,101,FRANKLIN_SITE,159,160,BX,S,B3T3XH,STD,REJECTED,2025-07-29,LPN-0000085
SO-0000083,12209,DEL-000210,ITEM-00232,IN_TRANSIT,1Z613377398790729,DHL,301,103,KNOXVILLE_SITE,34,33,PK,R,VAJ85X,STD,REJECTED,2025-07-26,LPN-0000247
SO-0000053,12127,DEL-000128,ITEM-00050,OP,,XPO,301,201,FRANKLIN_SITE,13,12,BX,S,JNKC1T,LOW,IN PROCESS,2025-07-25,LPN-0000011
SO-0000079,12188,DEL-000189,ITEM-00149,STAGED,1Z576292076981747,UPS,201,201,FRANKLIN_SITE,72,73,CT,S,KLZ4Y2,URGENT,REJECTED,2025-08-27,LPN-0000212
SO-0000091,12041,DEL-000042,ITEM-00198,OP,,FedEx,101,301,HENDERSONVILLE_SITE,147,145,BX,R,2X991Z,STD,APPROVED,2025-08-03,LPN-0000007
SO-0000099,12141,DEL-000142,ITEM-00257,STAGED,1Z263996255278502,DHL,103,103,KNOXVILLE_SITE,62,63,CT,S,EXO74Q,STD,REJECTED,2025-06-22,LPN-0000095
SO-0000109,12153,DEL-000154,ITEM-00264,OP,1Z777411259582564,USPS,103,301,HENDERSONVILLE_SITE,103,103,CT,S,TV1YLS,STD,IN PROCESS,2025-06-21,LPN-0000205
SO-0000032,12116,DEL-000117,ITEM-00095,OP,,USPS,101,301,HENDERSONVILLE_SITE,3,3,BX,B,77AXQG,STD,APPROVED,2025-07-28,LPN-0000110
SO-0000045,12025,DEL-000026,ITEM-00196,STAGED,1Z507993305090205,USPS,101,201,FRANKLIN_SITE,74,72,CT,S,UVJQ23,LOW,IN PROCESS,2025-06-30,LPN-0000053
SO-0000077,12194,DEL-000195,ITEM-00130,STAGED,1Z330545239574679,FedEx,103,102,NASHVILLE_DC,21,21,CT,R,Z20KCL,URGENT,IN PROCESS,2025-06-25,LPN-0000117
SO-0000016,12162,DEL-000163,ITEM-00017,STAGED,,XPO,201,301,HENDERSONVILLE_SITE,199,198,BX,B,4TDUPH,LOW,IN PROCESS,2025-10-08,LPN-0000033
SO-0000011,12208,DEL-000209,ITEM-00210,IN_TRANSIT,1Z771985196355955,FedEx,101,301,KNOXVILLE_SITE,92,91,EA,B,BOGUCF,URGENT,APPROVED,2025-06-23,LPN-0000033
SO-0000012,12075,DEL-000076,ITEM-00215,IN_TRANSIT,1Z495806874755863,FedEx,101,103,MEMPHIS_DC,41,40,PK,R,OZVKLC,STD,REJECTED,2025-07-25,LPN-0000081
SO-0000077,12070,DEL-000071,ITEM-00266,STAGED,1Z502189663703924,USPS,103,103,HENDERSONVILLE_SITE,104,103,CT,S,Z20KCL,URGENT,IN PROCESS,2025-06-25,LPN-0000163
SO-0000093,12183,DEL-000184,ITEM-00079,IN_TRANSIT,,XPO,101,201,MEMPHIS_DC,126,126,EA,S,DJWGHU,URGENT,APPROVED,2025-08-20,LPN-0000096
SO-0000041,12063,DEL-000064,ITEM-00024,STAGED,1Z779840304768955,DHL,102,301,HENDERSONVILLE_SITE,145,143,BX,R,0L4DBZ,LOW,IN PROCESS,2025-07-12,LPN-0000091
SO-0000005,12056,DEL-000057,ITEM-00066,STAGED,1Z937402479943799,UPS,101,102,FRANKLIN_SITE,84,83,BX,R,K6X0ES,URGENT,IN PROCESS,2025-06-22,LPN-0000124
SO-0000077,12095,DEL-000096,ITEM-00111,STAGED,,UPS,201,301,MEMPHIS_DC,155,156,CT,R,Z20KCL,URGENT,IN PROCESS,2025-06-25,LPN-0000190
SO-0000007,12073,DEL-000074,ITEM-00008,OP,1Z269812544941699,UPS,201,103,HENDERSONVILLE_SITE,150,148,CT,B,XQ9Q86,URGENT,REJECTED,2025-07-11,LPN-0000042
SO-0000026,12066,DEL-000067,ITEM-00293,CL,1Z512995663308681,DHL,201,102,KNOXVILLE_SITE,16,16,PK,S,9LGY9M,URGENT,APPROVED,2025-09-28,LPN-0000015
SO-0000102,12006,DEL-000007,ITEM-00185,IN_TRANSIT,1Z662570209793723,UPS,101,103,HENDERSONVILLE_SITE,199,200,BX,S,JDH2EQ,URGENT,APPROVED,2025-08-30,LPN-0000173
SO-0000116,12085,DEL-000086,ITEM-00210,CL,,UPS,103,201,FRANKLIN_SITE,30,29,BX,R,IF44OA,STD,IN PROCESS,2025-09-16,LPN-0000114
SO-0000080,12226,DEL-000227,ITEM-00229,IN_TRANSIT,1Z267136188488807,USPS,103,103,FRANKLIN_SITE,142,143,EA,B,2O6NO7,LOW,APPROVED,2025-08-17,LPN-0000229
SO-0000100,12124,DEL-000125,ITEM-00062,CL,1Z868405588906970,DHL,101,102,MEMPHIS_DC,71,69,PK,R,1AKQRG,LOW,APPROVED,2025-06-28,LPN-0000004
SO-0000131,12124,DEL-000125,ITEM-00032,CL,1Z868405588906970,DHL,101,102,MEMPHIS_DC,168,166,CT,R,1O8BRZ,LOW,APPROVED,2025-07-26,LPN-0000193
SO-0000049,12125,DEL-000126,ITEM-00233,STAGED,1Z854978734854940,XPO,102,301,KNOXVILLE_SITE,143,141,EA,S,A2GEN0,STD,APPROVED,2025-09-21,LPN-0000071
SO-0000042,12001,DEL-000002,ITEM-00109,IN_TRANSIT,1Z889878018332887,DHL,101,201,KNOXVILLE_SITE,141,142,BX,B,RRI73H,URGENT,IN PROCESS,2025-06-23,LPN-0000157
SO-0000001,12217,DEL-000218,ITEM-00185,IN_TRANSIT,1Z498809342692378,DHL,102,301,MEMPHIS_DC,119,117,BX,B,XX30QA,URGENT,IN PROCESS,2025-07-06,LPN-0000096
SO-0000060,12209,DEL-000210,ITEM-00039,IN_TRANSIT,1Z613377398790729,DHL,301,103,KNOXVILLE_SITE,18,17,CT,S,C7W7TG,LOW,REJECTED,2025-08-07,LPN-0000006
SO-0000115,12115,DEL-000116,ITEM-00118,CL,1Z854677788294636,XPO,201,101,KNOXVILLE_SITE,7,7,PK,S,PIW9G7,LOW,APPROVED,2025-07-21,LPN-0000113
SO-0000114,12052,DEL-000053,ITEM-00018,IN_TRANSIT,1Z567692741154444,FedEx,201,201,KNOXVILLE_SITE,10,10,CT,S,NKOFW8,STD,REJECTED,2025-09-14,LPN-0000222
SO-0000106,12141,DEL-000142,ITEM-00069,STAGED,1Z263996255278502,DHL,103,103,KNOXVILLE_SITE,84,82,PK,R,IVBP7N,STD,APPROVED,2025-08-05,LPN-0000220
SO-0000136,12100,DEL-000101,ITEM-00276,STAGED,1Z776628489864860,USPS,103,101,KNOXVILLE_SITE,159,157,BX,B,334HIK,URGENT,APPROVED,2025-08-05,LPN-0000113
SO-0000081,12111,DEL-000112,ITEM-00193,STAGED,1Z877342308231197,DHL,103,102,NASHVILLE_DC,18,18,CT,R,WGE26L,STD,IN PROCESS,2025-09-14,LPN-0000224
SO-0000040,12007,DEL-000008,ITEM-00257,IN_TRANSIT,,USPS,103,301,MEMPHIS_DC,101,101,CT,B,AY6NS6,LOW,IN PROCESS,2025-07-29,LPN-0000085
SO-0000065,12107,DEL-000108,ITEM-00294,IN_TRANSIT,1Z364324087347012,UPS,301,103,FRANKLIN_SITE,33,33,PK,S,ITL1UO,STD,IN PROCESS,2025-09-06,LPN-0000031
SO-0000011,12141,DEL-000142,ITEM-00082,STAGED,1Z263996255278502,DHL,103,103,KNOXVILLE_SITE,111,109,CT,B,BOGUCF,URGENT,APPROVED,2025-06-23,LPN-0000231
SO-0000103,12172,DEL-000173,ITEM-00035,OP,1Z881112911610446,FedEx,201,201,HENDERSONVILLE_SITE,144,145,EA,S,ICU7A0,URGENT,IN PROCESS,2025-09-08,LPN-0000116
SO-0000079,12208,DEL-000209,ITEM-00149,IN_TRANSIT,1Z771985196355955,FedEx,101,301,KNOXVILLE_SITE,56,56,BX,B,KLZ4Y2,URGENT,REJECTED,2025-08-27,LPN-0000025
SO-0000002,12178,DEL-000179,ITEM-00159,STAGED,1Z432976435481987,FedEx,201,201,KNOXVILLE_SITE,17,15,BX,R,50PYW5,LOW,APPROVED,2025-10-16,LPN-0000103
SO-0000015,12212,DEL-000213,ITEM-00030,OP,1Z326937583941595,DHL,301,102,KNOXVILLE_SITE,190,189,PK,R,W5QHTE,LOW,APPROVED,2025-08-14,LPN-0000158
SO-0000111,12205,DEL-000206,ITEM-00012,CL,1Z768384282066558,XPO,103,102,KNOXVILLE_SITE,195,194,BX,B,BXC1WC,LOW,APPROVED,2025-07-25,LPN-0000241
SO-0000038,12053,DEL-000054,ITEM-00106,STAGED,1Z544965541847866,DHL,201,103,MEMPHIS_DC,188,186,CT,S,SC7I6Q,URGENT,APPROVED,2025-08-02,LPN-0000197
SO-0000118,12122,DEL-000123,ITEM-00177,IN_TRANSIT,1Z859862251006856,XPO,103,301,FRANKLIN_SITE,77,78,PK,S,DR0O5C,URGENT,APPROVED,2025-08-28,LPN-0000219
SO-0000075,12115,DEL-000116,ITEM-00289,CL,1Z854677788294636,XPO,201,101,KNOXVILLE_SITE,111,112,PK,S,UNCZ8U,STD,APPROVED,2025-09-24,LPN-0000222
SO-0000085,12014,DEL-000015,ITEM-00139,IN_TRANSIT,1Z383596967408789,USPS,201,101,NASHVILLE_DC,79,79,PK,R,EQ0TR0,URGENT,REJECTED,2025-09-17,LPN-0000122
SO-0000060,12009,DEL-000010,ITEM-00148,STAGED,1Z396206118258705,UPS,201,201,KNOXVILLE_SITE,4,2,CT,R,C7W7TG,LOW,REJECTED,2025-08-07,LPN-0000083
SO-0000074,12024,DEL-000025,ITEM-00098,IN_TRANSIT,1Z107618644626284,DHL,101,102,MEMPHIS_DC,181,181,PK,R,OM6D3C,URGENT,APPROVED,2025-09-22,LPN-0000070
SO-0000072,12178,DEL-000179,ITEM-00174,STAGED,1Z432976435481987,FedEx,201,201,KNOXVILLE_SITE,50,48,PK,B,4QXK7L,LOW,IN PROCESS,2025-08-29,LPN-0000214
SO-0000133,12000,DEL-000001,ITEM-00266,OP,,DHL,103,201,NASHVILLE_DC,75,74,PK,R,NDSP08,LOW,REJECTED,2025-09-16,LPN-0000123
SO-0000002,12151,DEL-000152,ITEM-00206,IN_TRANSIT,1Z356474367136907,FedEx,102,201,KNOXVILLE_SITE,122,123,EA,B,50PYW5,LOW,APPROVED,2025-10-16,LPN-0000044
SO-0000086,12169,DEL-000170,ITEM-00192,CL,1Z972610517873484,UPS,301,201,FRANKLIN_SITE,176,174,EA,B,407SQQ,LOW,APPROVED,2025-06-22,LPN-0000088
SO-0000091,12097,DEL-000098,ITEM-00166,IN_TRANSIT,1Z268589999904263,XPO,103,101,FRANKLIN_SITE,80,78,PK,R,2X991Z,STD,APPROVED,2025-08-03,LPN-0000091
SO-0000005,12034,DEL-000035,ITEM-00178,CL,1Z337962411666708,UPS,102,102,FRANKLIN_SITE,22,23,PK,B,K6X0ES,URGENT,IN PROCESS,2025-06-22,LPN-0000087
SO-0000063,12022,DEL-000023,ITEM-00079,IN_TRANSIT,1Z875316691022067,XPO,103,102,FRANKLIN_SITE,122,121,EA,R,V6TKKT,STD,APPROVED,2025-10-12,LPN-0000080
SO-0000041,12122,DEL-000123,ITEM-00074,IN_TRANSIT,1Z859862251006856,XPO,103,301,FRANKLIN_SITE,75,73,PK,B,0L4DBZ,LOW,IN PROCESS,2025-07-12,LPN-0000234
SO-0000006,12199,DEL-000200,ITEM-00095,STAGED,1Z853710349083933,UPS,101,101,KNOXVILLE_SITE,190,190,CT,R,GW37EC,LOW,IN PROCESS,2025-07-23,LPN-0000160
SO-0000152,12048,DEL-000049,ITEM-00159,IN_TRANSIT,1Z290959487019270,USPS,201,301,FRANKLIN_SITE,42,43,CT,B,6G9WVS,STD,APPROVED,2025-08-17,LPN-0000188
SO-0000002,12078,DEL-000079,ITEM-00232,OP,1Z433510379833679,XPO,201,201,FRANKLIN_SITE,176,175,PK,S,50PYW5,LOW,APPROVED,2025-10-16,LPN-0000207
SO-0000120,12013,DEL-000014,ITEM-00242,IN_TRANSIT,1Z871134455498026,USPS,103,103,HENDERSONVILLE_SITE,127,125,CT,S,F4IRKV,STD,IN PROCESS,2025-07-13,LPN-0000057
SO-0000049,12003,DEL-000004,ITEM-00060,CL,1Z756855567069531,XPO,103,103,KNOXVILLE_SITE,92,93,EA,B,A2GEN0,STD,APPROVED,2025-09-21,LPN-0000015
SO-0000043,12033,DEL-000034,ITEM-00115,IN_TRANSIT,1Z580314350277937,XPO,102,101,FRANKLIN_SITE,7,5,CT,S,XBJ74I,STD,APPROVED,2025-09-18,LPN-0000202
SO-0000109,12019,DEL-000020,ITEM-00002,STAGED,1Z508870419999138,XPO,301,102,KNOXVILLE_SITE,163,163,BX,S,TV1YLS,STD,IN PROCESS,2025-06-21,LPN-0000192
SO-0000139,12177,DEL-000178,ITEM-00246,OP,1Z746274110038452,USPS,201,101,HENDERSONVILLE_SITE,102,100,CT,S,GGBVT7,STD,REJECTED,2025-07-04,LPN-0000048
SO-0000024,12182,DEL-000183,ITEM-00144,CL,,XPO,101,101,NASHVILLE_DC,45,46,BX,B,6THI9G,STD,REJECTED,2025-09-01,LPN-0000063
SO-0000103,12192,DEL-000193,ITEM-00068,CL,1Z422934139015955,USPS,301,301,HENDERSONVILLE_SITE,157,156,PK,R,ICU7A0,URGENT,IN PROCESS,2025-09-08,LPN-0000164
SO-0000152,12046,DEL-000047,ITEM-00034,IN_TRANSIT,1Z374320728832990,USPS,102,102,FRANKLIN_SITE,123,122,EA,B,6G9WVS,STD,APPROVED,2025-08-17,LPN-0000161
SO-0000096,12198,DEL-000199,ITEM-00294,CL,1Z269267934482762,USPS,101,101,NASHVILLE_DC,126,125,CT,S,4VUZ7F,LOW,APPROVED,2025-09-22,LPN-0000115
SO-0000093,12159,DEL-000160,ITEM-00123,IN_TRANSIT,,XPO,102,301,NASHVILLE_DC,83,82,CT,R,DJWGHU,URGENT,APPROVED,2025-08-20,LPN-0000188
SO-0000144,12096,DEL-000097,ITEM-00070,IN_TRANSIT,,USPS,201,201,FRANKLIN_SITE,11,9,EA,R,FIG9EL,URGENT,APPROVED,2025-09-26,LPN-0000083
SO-0000126,12042,DEL-000043,ITEM-00171,OP,,FedEx,301,301,HENDERSONVILLE_SITE,78,76,EA,S,31UKBD,URGENT,IN PROCESS,2025-09-10,LPN-0000224
SO-0000097,12037,DEL-000038,ITEM-00165,OP,1Z879408648374286,UPS,301,201,KNOXVILLE_SITE,68,68,EA,R,I81RAX,LOW,REJECTED,2025-08-26,LPN-0000192
SO-0000140,12156,DEL-000157,ITEM-00217,OP,1Z476467248643560,UPS,102,101,HENDERSONVILLE_SITE,100,100,PK,S,14SS1P,LOW,APPROVED,2025-10-12,LPN-0000232
SO-0000079,12065,DEL-000066,ITEM-00131,STAGED,1Z563062161734733,DHL,301,101,HENDERSONVILLE_SITE,120,120,CT,R,KLZ4Y2,URGENT,REJECTED,2025-08-27,LPN-0000181
SO-0000076,12095,DEL-000096,ITEM-00215,STAGED,,UPS,201,301,MEMPHIS_DC,173,173,PK,S,7JMWI3,STD,APPROVED,2025-06-22,LPN-0000175
SO-0000017,12170,DEL-000171,ITEM-00170,OP,1Z397675081673375,USPS,101,301,FRANKLIN_SITE,55,56,CT,S,SFCRZV,STD,REJECTED,2025-07-28,LPN-0000044
SO-0000149,12163,DEL-000164,ITEM-00113,IN_TRANSIT,1Z363759170335923,DHL,201,102,KNOXVILLE_SITE,192,193,PK,S,J3I91N,URGENT,APPROVED,2025-08-09,LPN-0000104
SO-0000015,12058,DEL-000059,ITEM-00160,CL,1Z997828659193794,FedEx,301,102,HENDERSONVILLE_SITE,146,145,CT,B,W5QHTE,LOW,APPROVED,2025-08-14,LPN-0000246
SO-0000075,12064,DEL-000065,ITEM-00134,STAGED,1Z213055583280028,FedEx,201,102,NASHVILLE_DC,154,153,CT,B,UNCZ8U,STD,APPROVED,2025-09-24,LPN-0000098
SO-0000005,12064,DEL-000065,ITEM-00164,STAGED,1Z213055583280028,FedEx,201,102,NASHVILLE_DC,29,28,EA,B,K6X0ES,URGENT,IN PROCESS,2025-06-22,LPN-0000145
SO-0000079,12000,DEL-000001,ITEM-00113,OP,,DHL,103,201,NASHVILLE_DC,139,138,PK,S,KLZ4Y2,URGENT,REJECTED,2025-08-27,LPN-0000056
SO-0000086,12062,DEL-000063,ITEM-00127,CL,,DHL,103,201,MEMPHIS_DC,190,190,BX,R,407SQQ,LOW,APPROVED,2025-06-22,LPN-0000131
SO-0000051,12021,DEL-000022,ITEM-00185,CL,1Z339496287361032,USPS,301,301,NASHVILLE_DC,142,141,CT,R,QQHALN,URGENT,REJECTED,2025-06-23,LPN-0000113
SO-0000142,12007,DEL-000008,ITEM-00206,IN_TRANSIT,,USPS,103,301,MEMPHIS_DC,17,17,EA,S,X34TJK,STD,REJECTED,2025-09-21,LPN-0000099
SO-0000011,12208,DEL-000209,ITEM-00130,IN_TRANSIT,1Z771985196355955,FedEx,101,301,KNOXVILLE_SITE,155,154,EA,B,BOGUCF,URGENT,APPROVED,2025-06-23,LPN-0000065
SO-0000113,12094,DEL-000095,ITEM-00245,STAGED,1Z513336069077076,USPS,102,301,KNOXVILLE_SITE,60,61,EA,B,9NCFJG,STD,APPROVED,2025-09-22,LPN-0000031
SO-0000007,12160,DEL-000161,ITEM-00270,STAGED,1Z719796827393177,FedEx,102,101,FRANKLIN_SITE,48,47,EA,R,XQ9Q86,URGENT,REJECTED,2025-07-11,LPN-0000186
SO-0000078,12051,DEL-000052,ITEM-00290,OP,1Z803784164840089,USPS,201,103,KNOXVILLE_SITE,103,102,CT,R,IBBHNX,STD,APPROVED,2025-08-02,LPN-0000174
SO-0000010,12155,DEL-000156,ITEM-00184,STAGED,1Z424241708989860,USPS,201,301,KNOXVILLE_SITE,19,20,PK,S,OB10F8,URGENT,REJECTED,2025-09-30,LPN-0000195
SO-0000058,12171,DEL-000172,ITEM-00263,OP,,FedEx,103,102,NASHVILLE_DC,195,194,BX,B,H69TZ3,STD,IN PROCESS,2025-09-18,LPN-0000221
SO-0000142,12030,DEL-000031,ITEM-00167,IN_TRANSIT,1Z613096892835990,DHL,301,101,FRANKLIN_SITE,114,113,CT,S,X34TJK,STD,REJECTED,2025-09-21,LPN-0000232
SO-0000029,12150,DEL-000151,ITEM-00132,STAGED,1Z155263180348354,XPO,103,201,KNOXVILLE_SITE,102,100,BX,S,RFI4XL,STD,IN PROCESS,2025-07-28,LPN-0000029
SO-0000071,12115,DEL-000116,ITEM-00052,CL,1Z854677788294636,XPO,201,101,KNOXVILLE_SITE,184,182,BX,R,JW7N6M,URGENT,APPROVED,2025-09-17,LPN-0000198
SO-0000099,12201,DEL-000202,ITEM-00032,CL,1Z143908205335338,USPS,301,201,FRANKLIN_SITE,80,80,PK,B,EXO74Q,STD,REJECTED,2025-06-22,LPN-0000041
SO-0000099,12037,DEL-000038,ITEM-00298,OP,1Z879408648374286,UPS,301,201,KNOXVILLE_SITE,156,155,BX,S,EXO74Q,STD,REJECTED,2025-06-22,LPN-0000029
SO-0000139,12195,DEL-000196,ITEM-00077,OP,,XPO,301,101,MEMPHIS_DC,138,139,CT,B,GGBVT7,STD,REJECTED,2025-07-04,LPN-0000067
SO-0000004,12076,DEL-000077,ITEM-00297,STAGED,1Z652106689793403,FedEx,103,101,FRANKLIN_SITE,74,72,PK,S,B3T3XH,STD,REJECTED,2025-07-29,LPN-0000081
SO-0000081,12069,DEL-000070,ITEM-00288,IN_TRANSIT,1Z477578532589541,UPS,201,102,KNOXVILLE_SITE,168,166,PK,S,WGE26L,STD,IN PROCESS,2025-09-14,LPN-0000115
SO-0000073,12138,DEL-000139,ITEM-00064,CL,1Z413417267961130,FedEx,301,201,KNOXVILLE_SITE,3,3,PK,S,6NY0T3,STD,APPROVED,2025-10-05,LPN-0000067
SO-0000005,12185,DEL-000186,ITEM-00204,STAGED,1Z129837072684348,USPS,103,201,NASHVILLE_DC,68,69,BX,S,K6X0ES,URGENT,IN PROCESS,2025-06-22,LPN-0000234
SO-0000106,12133,DEL-000134,ITEM-00140,CL,1Z350675192497165,FedEx,102,101,MEMPHIS_DC,61,61,BX,R,IVBP7N,STD,APPROVED,2025-08-05,LPN-0000186
SO-0000001,12121,DEL-000122,ITEM-00093,IN_TRANSIT,,DHL,103,201,FRANKLIN_SITE,166,164,BX,B,XX30QA,URGENT,IN PROCESS,2025-07-06,LPN-0000249
SO-0000017,12194,DEL-000195,ITEM-00268,STAGED,1Z330545239574679,FedEx,103,102,NASHVILLE_DC,40,38,PK,B,SFCRZV,STD,REJECTED,2025-07-28,LPN-0000187
SO-0000051,12162,DEL-000163,ITEM-00069,STAGED,,XPO,201,301,HENDERSONVILLE_SITE,95,96,CT,S,QQHALN,URGENT,REJECTED,2025-06-23,LPN-0000248
SO-0000027,12051,DEL-000052,ITEM-00258,OP,1Z803784164840089,USPS,201,103,KNOXVILLE_SITE,87,87,BX,B,U18XSS,LOW,IN PROCESS,2025-08-24,LPN-0000025
SO-0000021,12175,DEL-000176,ITEM-00258,STAGED,1Z842786044560885,FedEx,102,102,KNOXVILLE_SITE,190,189,EA,B,DXPL56,LOW,APPROVED,2025-09-01,LPN-0000157
SO-0000087,12114,DEL-000115,ITEM-00295,OP,1Z958314597685933,XPO,101,102,FRANKLIN_SITE,146,144,PK,B,Z64R0L,STD,REJECTED,2025-09-29,LPN-0000111
SO-0000109,12216,DEL-000217,ITEM-00108,STAGED,1Z710788784580008,DHL,102,103,NASHVILLE_DC,55,53,EA,R,TV1YLS,STD,IN PROCESS,2025-06-21,LPN-0000206
SO-0000037,12169,DEL-000170,ITEM-00294,CL,1Z972610517873484,UPS,301,201,FRANKLIN_SITE,46,46,PK,B,MK9LIT,URGENT,APPROVED,2025-08-22,LPN-0000016
SO-0000099,12085,DEL-000086,ITEM-00180,CL,,UPS,103,201,FRANKLIN_SITE,163,162,CT,S,EXO74Q,STD,REJECTED,2025-06-22,LPN-0000155
SO-0000015,12116,DEL-000117,ITEM-00296,OP,,USPS,101,301,HENDERSONVILLE_SITE,67,68,EA,B,W5QHTE,LOW,APPROVED,2025-08-14,LPN-0000113
SO-0000028,12023,DEL-000024,ITEM-00060,STAGED,1Z626868092480858,XPO,201,103,KNOXVILLE_SITE,30,30,BX,S,ZEVQHG,LOW,REJECTED,2025-10-14,LPN-0000163
SO-0000039,12145,DEL-000146,ITEM-00029,OP,1Z623482911044949,DHL,102,102,HENDERSONVILLE_SITE,89,88,PK,R,31LSIY,LOW,APPROVED,2025-08-06,LPN-0000133
SO-0000134,12081,DEL-000082,ITEM-00202,IN_TRANSIT,1Z846916462102059,FedEx,103,201,KNOXVILLE_SITE,169,167,CT,R,MV7M43,STD,APPROVED,2025-10-09,LPN-0000071
SO-0000085,12162,DEL-000163,ITEM-00274,STAGED,,XPO,201,301,HENDERSONVILLE_SITE,56,54,PK,S,EQ0TR0,URGENT,REJECTED,2025-09-17,LPN-0000106
SO-0000106,12170,DEL-000171,ITEM-00048,OP,1Z397675081673375,USPS,101,301,FRANKLIN_SITE,144,144,CT,S,IVBP7N,STD,APPROVED,2025-08-05,LPN-0000018
SO-0000149,12163,DEL-000164,ITEM-00126,IN_TRANSIT,1Z363759170335923,DHL,201,102,KNOXVILLE_SITE,135,134,CT,R,J3I91N,URGENT,APPROVED,2025-08-09,LPN-0000220
SO-0000035,12042,DEL-000043,ITEM-00054,OP,,FedEx,301,301,HENDERSONVILLE_SITE,107,108,PK,B,NI1LM8,LOW,REJECTED,2025-10-03,LPN-0000013
SO-0000069,12012,DEL-000013,ITEM-00095,IN_TRANSIT,1Z583773435068471,USPS,102,101,FRANKLIN_SITE,4,5,CT,B,33HLWH,URGENT,IN PROCESS,2025-08-28,LPN-0000066
SO-0000085,12032,DEL-000033,ITEM-00250,CL,1Z950101791434484,USPS,102,102,KNOXVILLE_SITE,174,173,EA,B,EQ0TR0,URGENT,REJECTED,2025-09-17,LPN-0000140
SO-0000127,12008,DEL-000009,ITEM-00046,CL,1Z987690128780242,USPS,101,201,FRANKLIN_SITE,114,113,EA,R,TCOZ6C,LOW,APPROVED,2025-09-04,LPN-0000081
SO-0000057,12184,DEL-000185,ITEM-00087,STAGED,1Z424717703468880,FedEx,103,301,MEMPHIS_DC,174,175,BX,B,W5VZSA,STD,IN PROCESS,2025-06-24,LPN-0000059
SO-0000087,12064,DEL-000065,ITEM-00275,STAGED,1Z213055583280028,FedEx,201,102,NASHVILLE_DC,189,187,EA,B,Z64R0L,STD,REJECTED,2025-09-29,LPN-0000199
SO-0000130,12146,DEL-000147,ITEM-00242,STAGED,1Z914162332578670,XPO,201,301,FRANKLIN_SITE,38,38,PK,R,PNCLLE,STD,APPROVED,2025-08-18,LPN-0000020
SO-0000023,12013,DEL-000014,ITEM-00149,IN_TRANSIT,1Z871134455498026,USPS,103,103,HENDERSONVILLE_SITE,171,172,BX,S,47KKPW,STD,REJECTED,2025-06-30,LPN-0000224
SO-0000026,12112,DEL-000113,ITEM-00048,STAGED,1Z395015447073906,USPS,101,201,HENDERSONVILLE_SITE,193,192,CT,S,9LGY9M,URGENT,APPROVED,2025-09-28,LPN-0000200
SO-0000011,12153,DEL-000154,ITEM-00046,OP,1Z777411259582564,USPS,103,301,HENDERSONVILLE_SITE,165,165,CT,S,BOGUCF,URGENT,APPROVED,2025-06-23,LPN-0000100
SO-0000060,12010,DEL-000011,ITEM-00185,STAGED,1Z723048305070896,XPO,301,301,NASHVILLE_DC,125,123,EA,B,C7W7TG,LOW,REJECTED,2025-08-07,LPN-0000106
SO-0000102,12130,DEL-000131,ITEM-00117,OP,,XPO,102,201,NASHVILLE_DC,116,117,CT,R,JDH2EQ,URGENT,APPROVED,2025-08-30,LPN-0000237
SO-0000038,12178,DEL-000179,ITEM-00100,STAGED,1Z432976435481987,FedEx,201,201,KNOXVILLE_SITE,197,196,BX,S,SC7I6Q,URGENT,APPROVED,2025-08-02,LPN-0000064
SO-0000073,12222,DEL-000223,ITEM-00025,STAGED,1Z160658574108018,USPS,103,301,NASHVILLE_DC,190,191,BX,S,6NY0T3,STD,APPROVED,2025-10-05,LPN-0000015
SO-0000146,12126,DEL-000127,ITEM-00120,OP,,XPO,301,301,NASHVILLE_DC,198,197,PK,S,GULNUT,URGENT,IN PROCESS,2025-07-22,LPN-0000142
SO-0000114,12151,DEL-000152,ITEM-00119,IN_TRANSIT,1Z356474367136907,FedEx,102,201,KNOXVILLE_SITE,165,164,EA,S,NKOFW8,STD,REJECTED,2025-09-14,LPN-0000039
SO-0000117,12216,DEL-000217,ITEM-00078,STAGED,1Z710788784580008,DHL,102,103,NASHVILLE_DC,118,117,PK,S,6FW3VO,STD,APPROVED,2025-08-11,LPN-0000178
SO-0000088,12209,DEL-000210,ITEM-00126,IN_TRANSIT,1Z613377398790729,DHL,301,103,KNOXVILLE_SITE,64,64,PK,R,UIGIWN,LOW,APPROVED,2025-07-22,LPN-0000220
SO-0000050,12142,DEL-000143,ITEM-00063,OP,1Z145026970430079,USPS,301,101,HENDERSONVILLE_SITE,163,164,BX,S,LBK0S0,URGENT,REJECTED,2025-08-27,LPN-0000062
SO-0000004,12190,DEL-000191,ITEM-00285,STAGED,1Z514237104590061,UPS,101,201,KNOXVILLE_SITE,97,98,CT,S,B3T3XH,STD,REJECTED,2025-07-29,LPN-0000215
SO-0000048,12114,DEL-000115,ITEM-00128,OP,1Z958314597685933,XPO,101,102,FRANKLIN_SITE,158,156,PK,S,XT4RK2,URGENT,APPROVED,2025-07-19,LPN-0000068
SO-0000057,12198,DEL-000199,ITEM-00052,CL,1Z269267934482762,USPS,101,101,NASHVILLE_DC,39,40,BX,R,W5VZSA,STD,IN PROCESS,2025-06-24,LPN-0000039
SO-0000110,12158,DEL-000159,ITEM-00064,IN_TRANSIT,1Z815766789977031,USPS,103,103,FRANKLIN_SITE,157,157,BX,B,2MQGF9,LOW,REJECTED,2025-07-27,LPN-0000175
SO-0000051,12120,DEL-000121,ITEM-00127,IN_TRANSIT,1Z558209162507250,FedEx,101,301,NASHVILLE_DC,73,73,EA,B,QQHALN,URGENT,REJECTED,2025-06-23,LPN-0000063
SO-0000082,12120,DEL-000121,ITEM-00026,IN_TRANSIT,1Z558209162507250,FedEx,101,301,NASHVILLE_DC,38,37,CT,B,INXIQV,STD,APPROVED,2025-08-25,LPN-0000133
SO-0000064,12012,DEL-000013,ITEM-00031,IN_TRANSIT,1Z583773435068471,USPS,102,101,FRANKLIN_SITE,78,76,EA,R,C5SPCA,LOW,APPROVED,2025-10-14,LPN-0000188
SO-0000043,12000,DEL-000001,ITEM-00183,OP,,DHL,103,201,NASHVILLE_DC,112,110,EA,R,XBJ74I,STD,APPROVED,2025-09-18,LPN-0000060
SO-0000021,12217,DEL-000218,ITEM-00096,IN_TRANSIT,1Z498809342692378,DHL,102,301,MEMPHIS_DC,23,21,PK,B,DXPL56,LOW,APPROVED,2025-09-01,LPN-0000056
SO-0000057,12064,DEL-000065,ITEM-00255,STAGED,1Z213055583280028,FedEx,201,102,NASHVILLE_DC,13,11,CT,B,W5VZSA,STD,IN PROCESS,2025-06-24,LPN-0000236
SO-0000026,12010,DEL-000011,ITEM-00014,STAGED,1Z723048305070896,XPO,301,301,NASHVILLE_DC,30,30,BX,S,9LGY9M,URGENT,APPROVED,2025-09-28,LPN-0000162
SO-0000021,12017,DEL-000018,ITEM-00008,IN_TRANSIT,1Z105207054311470,USPS,103,101,HENDERSONVILLE_SITE,100,101,EA,B,DXPL56,LOW,APPROVED,2025-09-01,LPN-0000057
SO-0000004,12000,DEL-000001,ITEM-00249,OP,,DHL,103,201,NASHVILLE_DC,154,154,BX,S,B3T3XH,STD,REJECTED,2025-07-29,LPN-0000126
SO-0000082,12171,DEL-000172,ITEM-00119,OP,,FedEx,103,102,NASHVILLE_DC,53,51,EA,R,INXIQV,STD,APPROVED,2025-08-25,LPN-0000206
SO-0000053,12002,DEL-000003,ITEM-00077,CL,1Z445035974238833,DHL,301,201,FRANKLIN_SITE,110,108,EA,S,JNKC1T,LOW,IN PROCESS,2025-07-25,LPN-0000066
SO-0000121,12149,DEL-000150,ITEM-00277,STAGED,1Z681967396651410,XPO,103,101,KNOXVILLE_SITE,70,70,PK,R,GI4A4Q,STD,REJECTED,2025-07-04,LPN-0000094
SO-0000031,12167,DEL-000168,ITEM-00146,STAGED,1Z277111530825080,UPS,201,301,MEMPHIS_DC,161,162,PK,R,AJCIC1,URGENT,APPROVED,2025-09-13,LPN-0000132
SO-0000110,12005,DEL-000006,ITEM-00031,CL,1Z336353730798237,USPS,103,101,NASHVILLE_DC,58,57,PK,S,2MQGF9,LOW,REJECTED,2025-07-27,LPN-0000096
SO-0000084,12073,DEL-000074,ITEM-00121,OP,1Z269812544941699,UPS,201,103,HENDERSONVILLE_SITE,5,3,PK,R,FN9LTU,URGENT,REJECTED,2025-09-01,LPN-0000177
SO-0000142,12076,DEL-000077,ITEM-00283,STAGED,1Z652106689793403,FedEx,103,101,FRANKLIN_SITE,44,45,CT,S,X34TJK,STD,REJECTED,2025-09-21,LPN-0000018
SO-0000124,12177,DEL-000178,ITEM-00115,OP,1Z746274110038452,USPS,201,101,HENDERSONVILLE_SITE,19,18,CT,B,ZNOX7W,STD,APPROVED,2025-08-04,LPN-0000181
SO-0000013,12220,DEL-000221,ITEM-00189,IN_TRANSIT,,XPO,102,201,FRANKLIN_SITE,77,75,EA,S,GLQ8N3,STD,IN PROCESS,2025-07-29,LPN-0000038
SO-0000138,12186,DEL-000187,ITEM-00062,CL,1Z741177153725211,DHL,301,301,KNOXVILLE_SITE,150,149,EA,S,TVS1X3,LOW,APPROVED,2025-09-02,LPN-0000005
SO-0000080,12099,DEL-000100,ITEM-00208,IN_TRANSIT,1Z596598580132303,XPO,101,201,NASHVILLE_DC,147,145,BX,S,2O6NO7,LOW,APPROVED,2025-08-17,LPN-0000219
SO-0000098,12191,DEL-000192,ITEM-00199,CL,1Z798883027929535,USPS,101,101,HENDERSONVILLE_SITE,131,132,PK,S,KF0RWE,STD,IN PROCESS,2025-09-22,LPN-0000157
SO-0000126,12165,DEL-000166,ITEM-00045,STAGED,1Z605965703465534,XPO,103,201,MEMPHIS_DC,98,96,CT,B,31UKBD,URGENT,IN PROCESS,2025-09-10,LPN-0000183
SO-0000091,12030,DEL-000031,ITEM-00126,IN_TRANSIT,1Z613096892835990,DHL,301,101,FRANKLIN_SITE,194,193,PK,R,2X991Z,STD,APPROVED,2025-08-03,LPN-0000147
SO-0000077,12200,DEL-000201,ITEM-00095,STAGED,1Z695385769999288,USPS,103,101,HENDERSONVILLE_SITE,76,74,EA,B,Z20KCL,URGENT,IN PROCESS,2025-06-25,LPN-0000083
SO-0000129,12151,DEL-000152,ITEM-00077,IN_TRANSIT,1Z356474367136907,FedEx,102,201,KNOXVILLE_SITE,172,172,PK,R,FLE231,LOW,IN PROCESS,2025-08-30,LPN-0000162
SO-0000012,12185,DEL-000186,ITEM-00235,STAGED,1Z129837072684348,USPS,103,201,NASHVILLE_DC,168,168,PK,S,OZVKLC,STD,REJECTED,2025-07-25,LPN-0000081
SO-0000060,12079,DEL-000080,ITEM-00265,OP,1Z579607377206604,UPS,103,201,FRANKLIN_SITE,58,56,BX,R,C7W7TG,LOW,REJECTED,2025-08-07,LPN-0000081
SO-0000016,12120,DEL-000121,ITEM-00054,IN_TRANSIT,1Z558209162507250,FedEx,101,301,NASHVILLE_DC,160,159,PK,S,4TDUPH,LOW,IN PROCESS,2025-10-08,LPN-0000004
SO-0000056,12052,DEL-000053,ITEM-00211,IN_TRANSIT,1Z567692741154444,FedEx,201,201,KNOXVILLE_SITE,177,175,BX,B,CI0DL4,LOW,APPROVED,2025-08-16,LPN-0000211
SO-0000050,12055,DEL-000056,ITEM-00004,IN_TRANSIT,1Z871080805244936,FedEx,103,103,HENDERSONVILLE_SITE,13,13,EA,S,LBK0S0,URGENT,REJECTED,2025-08-27,LPN-0000042
SO-0000017,12216,DEL-000217,ITEM-00270,STAGED,1Z710788784580008,DHL,102,103,NASHVILLE_DC,175,175,CT,B,SFCRZV,STD,REJECTED,2025-07-28,LPN-0000100
SO-0000110,12078,DEL-000079,ITEM-00187,OP,1Z433510379833679,XPO,201,201,FRANKLIN_SITE,142,140,EA,R,2MQGF9,LOW,REJECTED,2025-07-27,LPN-0000177
SO-0000096,12161,DEL-000162,ITEM-00193,STAGED,1Z111725195012451,XPO,103,201,HENDERSONVILLE_SITE,46,44,CT,R,4VUZ7F,LOW,APPROVED,2025-09-22,LPN-0000068
SO-0000124,12146,DEL-000147,ITEM-00112,STAGED,1Z914162332578670,XPO,201,301,FRANKLIN_SITE,179,179,EA,B,ZNOX7W,STD,APPROVED,2025-08-04,LPN-0000082
SO-0000021,12207,DEL-000208,ITEM-00093,STAGED,1Z797384293633849,FedEx,102,301,NASHVILLE_DC,78,78,BX,B,DXPL56,LOW,APPROVED,2025-09-01,LPN-0000143
SO-0000015,12201,DEL-000202,ITEM-00040,CL,1Z143908205335338,USPS,301,201,FRANKLIN_SITE,180,181,BX,B,W5QHTE,LOW,APPROVED,2025-08-14,LPN-0000145
SO-0000057,12207,DEL-000208,ITEM-00110,STAGED,1Z797384293633849,FedEx,102,301,NASHVILLE_DC,73,73,PK,B,W5VZSA,STD,IN PROCESS,2025-06-24,LPN-0000142
SO-0000008,12113,DEL-000114,ITEM-00092,OP,1Z454487615844598,DHL,101,101,MEMPHIS_DC,47,48,BX,B,UIMAKX,URGENT,APPROVED,2025-06-29,LPN-0000088
SO-0000110,12034,DEL-000035,ITEM-00274,CL,1Z337962411666708,UPS,102,102,FRANKLIN_SITE,48,48,PK,R,2MQGF9,LOW,REJECTED,2025-07-27,LPN-0000126
SO-0000054,12005,DEL-000006,ITEM-00150,CL,1Z336353730798237,USPS,103,101,NASHVILLE_DC,31,29,BX,R,LG64AZ,STD,IN PROCESS,2025-08-17,LPN-0000022
SO-0000120,12162,DEL-000163,ITEM-00091,STAGED,,XPO,201,301,HENDERSONVILLE_SITE,123,121,CT,S,F4IRKV,STD,IN PROCESS,2025-07-13,LPN-0000234
SO-0000120,12142,DEL-000143,ITEM-00240,OP,1Z145026970430079,USPS,301,101,HENDERSONVILLE_SITE,84,83,CT,S,F4IRKV,STD,IN PROCESS,2025-07-13,LPN-0000178
SO-0000135,12105,DEL-000106,ITEM-00266,OP,,USPS,301,201,FRANKLIN_SITE,121,121,PK,B,PMQVOE,URGENT,APPROVED,2025-07-15,LPN-0000178
SO-0000123,12203,DEL-000204,ITEM-00297,IN_TRANSIT,1Z302158224604312,XPO,103,301,FRANKLIN_SITE,68,69,BX,R,7V5AIV,URGENT,REJECTED,2025-10-06,LPN-0000168
SO-0000128,12164,DEL-000165,ITEM-00029,STAGED,,USPS,201,201,HENDERSONVILLE_SITE,131,130,PK,R,CT86VY,STD,REJECTED,2025-08-27,LPN-0000212
SO-0000120,12038,DEL-000039,ITEM-00250,OP,,DHL,201,101,FRANKLIN_SITE,172,173,BX,B,F4IRKV,STD,IN PROCESS,2025-07-13,LPN-0000099
SO-0000051,12215,DEL-000216,ITEM-00146,CL,1Z219938990413087,FedEx,101,101,KNOXVILLE_SITE,101,100,EA,R,QQHALN,URGENT,REJECTED,2025-06-23,LPN-0000018
SO-0000115,12012,DEL-000013,ITEM-00078,IN_TRANSIT,1Z583773435068471,USPS,102,101,FRANKLIN_SITE,80,80,PK,S,PIW9G7,LOW,APPROVED,2025-07-21,LPN-0000080
SO-0000106,12061,DEL-000062,ITEM-00099,CL,1Z387966901513038,XPO,301,103,MEMPHIS_DC,168,167,BX,B,IVBP7N,STD,APPROVED,2025-08-05,LPN-0000100
SO-0000078,12093,DEL-000094,ITEM-00223,STAGED,1Z856932341879914,XPO,102,102,MEMPHIS_DC,185,183,EA,R,IBBHNX,STD,APPROVED,2025-08-02,LPN-0000182
SO-0000115,12105,DEL-000106,ITEM-00162,OP,,USPS,301,201,FRANKLIN_SITE,188,186,BX,S,PIW9G7,LOW,APPROVED,2025-07-21,LPN-0000190
SO-0000102,12117,DEL-000118,ITEM-00126,CL,1Z583458891752529,FedEx,301,201,KNOXVILLE_SITE,174,174,EA,R,JDH2EQ,URGENT,APPROVED,2025-08-30,LPN-0000001
SO-0000035,12100,DEL-000101,ITEM-00015,STAGED,1Z776628489864860,USPS,103,101,KNOXVILLE_SITE,101,99,EA,S,NI1LM8,LOW,REJECTED,2025-10-03,LPN-0000137
SO-0000090,12146,DEL-000147,ITEM-00252,STAGED,1Z914162332578670,XPO,201,301,FRANKLIN_SITE,29,27,EA,S,5DZ4NJ,LOW,IN PROCESS,2025-06-21,LPN-0000093
SO-0000045,12035,DEL-000036,ITEM-00044,CL,1Z379415386941921,UPS,103,103,MEMPHIS_DC,109,110,EA,B,UVJQ23,LOW,IN PROCESS,2025-06-30,LPN-0000026
SO-0000011,12204,DEL-000205,ITEM-00050,OP,1Z888196187696182,USPS,101,101,HENDERSONVILLE_SITE,87,88,EA,R,BOGUCF,URGENT,APPROVED,2025-06-23,LPN-0000015
SO-0000033,12183,DEL-000184,ITEM-00218,IN_TRANSIT,,XPO,101,201,MEMPHIS_DC,152,152,PK,S,M2058K,LOW,IN PROCESS,2025-07-22,LPN-0000098
SO-0000089,12099,DEL-000100,ITEM-00156,IN_TRANSIT,1Z596598580132303,XPO,101,201,NASHVILLE_DC,34,35,BX,B,WBX2FT,STD,IN PROCESS,2025-07-05,LPN-0000040
SO-0000131,12058,DEL-000059,ITEM-00038,CL,1Z997828659193794,FedEx,301,102,HENDERSONVILLE_SITE,115,116,BX,R,1O8BRZ,LOW,APPROVED,2025-07-26,LPN-0000101
SO-0000095,12021,DEL-000022,ITEM-00288,CL,1Z339496287361032,USPS,301,301,NASHVILLE_DC,1,0,EA,B,MKP4VQ,LOW,REJECTED,2025-08-04,LPN-0000107
SO-0000006,12185,DEL-000186,ITEM-00064,STAGED,1Z129837072684348,USPS,103,201,NASHVILLE_DC,103,101,CT,S,GW37EC,LOW,IN PROCESS,2025-07-23,LPN-0000085
SO-0000009,12135,DEL-000136,ITEM-00046,CL,1Z834414226351563,FedEx,103,201,MEMPHIS_DC,192,190,CT,S,37BOK7,STD,REJECTED,2025-06-21,LPN-0000217
SO-0000148,12130,DEL-000131,ITEM-00039,OP,,XPO,102,201,NASHVILLE_DC,122,120,CT,S,4QEX03,URGENT,REJECTED,2025-07-20,LPN-0000116
SO-0000020,12216,DEL-000217,ITEM-00176,STAGED,1Z710788784580008,DHL,102,103,NASHVILLE_DC,173,174,CT,R,BVCZQD,LOW,IN PROCESS,2025-08-22,LPN-0000237
SO-0000127,12194,DEL-000195,ITEM-00095,STAGED,1Z330545239574679,FedEx,103,102,NASHVILLE_DC,97,95,CT,B,TCOZ6C,LOW,APPROVED,2025-09-04,LPN-0000204
SO-0000059,12128,DEL-000129,ITEM-00130,IN_TRANSIT,1Z481757399303797,XPO,301,102,HENDERSONVILLE_SITE,174,175,EA,R,G4S833,LOW,APPROVED,2025-08-15,LPN-0000213
SO-0000003,12197,DEL-000198,ITEM-00169,STAGED,1Z615780966632311,USPS,301,103,KNOXVILLE_SITE,34,33,BX,R,31PCAN,LOW,IN PROCESS,2025-09-19,LPN-0000033
SO-0000112,12071,DEL-000072,ITEM-00190,IN_TRANSIT,1Z398772905572113,DHL,101,201,HENDERSONVILLE_SITE,101,99,BX,S,Y3T3LJ,URGENT,APPROVED,2025-06-26,LPN-0000023
SO-0000101,12168,DEL-000169,ITEM-00050,CL,1Z802957708185415,FedEx,301,301,MEMPHIS_DC,46,46,PK,R,CPFJW9,LOW,APPROVED,2025-07-21,LPN-0000085
SO-0000102,12225,DEL-000226,ITEM-00099,OP,1Z546803918745509,XPO,201,201,HENDERSONVILLE_SITE,166,165,CT,S,JDH2EQ,URGENT,APPROVED,2025-08-30,LPN-0000235
SO-0000146,12080,DEL-000081,ITEM-00003,IN_TRANSIT,1Z282148069158152,UPS,103,102,NASHVILLE_DC,57,57,PK,B,GULNUT,URGENT,IN PROCESS,2025-07-22,LPN-0000069
SO-0000137,12207,DEL-000208,ITEM-00084,STAGED,1Z797384293633849,FedEx,102,301,NASHVILLE_DC,112,112,EA,B,20M8PE,LOW,IN PROCESS,2025-08-10,LPN-0000122
SO-0000032,12156,DEL-000157,ITEM-00255,OP,1Z476467248643560,UPS,102,101,HENDERSONVILLE_SITE,139,139,EA,S,77AXQG,STD,APPROVED,2025-07-28,LPN-0000035
SO-0000045,12047,DEL-000048,ITEM-00109,IN_TRANSIT,,USPS,301,102,MEMPHIS_DC,139,138,CT,R,UVJQ23,LOW,IN PROCESS,2025-06-30,LPN-0000219
SO-0000139,12025,DEL-000026,ITEM-00150,STAGED,1Z507993305090205,USPS,101,201,FRANKLIN_SITE,25,23,EA,R,GGBVT7,STD,REJECTED,2025-07-04,LPN-0000139
SO-0000092,12105,DEL-000106,ITEM-00262,OP,,USPS,301,201,FRANKLIN_SITE,17,15,CT,R,GFYRJK,URGENT,APPROVED,2025-06-27,LPN-0000105
SO-0000109,12210,DEL-000211,ITEM-00233,IN_TRANSIT,1Z956684516870226,FedEx,101,103,FRANKLIN_SITE,97,98,EA,R,TV1YLS,STD,IN PROCESS,2025-06-21,LPN-0000039
SO-0000055,12224,DEL-000225,ITEM-00082,STAGED,1Z533183295133745,FedEx,201,301,HENDERSONVILLE_SITE,186,187,CT,B,WUXM52,URGENT,APPROVED,2025-10-17,LPN-0000059
SO-0000004,12050,DEL-000051,ITEM-00076,CL,,DHL,102,301,FRANKLIN_SITE,159,158,BX,R,B3T3XH,STD,REJECTED,2025-07-29,LPN-0000115
SO-0000018,12196,DEL-000197,ITEM-00035,CL,1Z332262538672132,UPS,101,201,KNOXVILLE_SITE,103,104,EA,B,LGGOGX,URGENT,REJECTED,2025-09-23,LPN-0000155
SO-0000020,12150,DEL-000151,ITEM-00058,STAGED,1Z155263180348354,XPO,103,201,KNOXVILLE_SITE,86,87,CT,R,BVCZQD,LOW,IN PROCESS,2025-08-22,LPN-0000103
SO-0000035,12197,DEL-000198,ITEM-00037,STAGED,1Z615780966632311,USPS,301,103,KNOXVILLE_SITE,186,186,EA,S,NI1LM8,LOW,REJECTED,2025-10-03,LPN-0000080
SO-0000021,12177,DEL-000178,ITEM-00115,OP,1Z746274110038452,USPS,201,101,HENDERSONVILLE_SITE,107,108,PK,S,DXPL56,LOW,APPROVED,2025-09-01,LPN-0000173
SO-0000108,12107,DEL-000108,ITEM-00003,IN_TRANSIT,1Z364324087347012,UPS,301,103,FRANKLIN_SITE,176,174,EA,S,8LEIJZ,LOW,IN PROCESS,2025-10-02,LPN-0000117
SO-0000007,12166,DEL-000167,ITEM-00274,IN_TRANSIT,,UPS,102,101,MEMPHIS_DC,128,129,PK,R,XQ9Q86,URGENT,REJECTED,2025-07-11,LPN-0000112
SO-0000067,12067,DEL-000068,ITEM-00155,STAGED,1Z652733727548555,DHL,101,102,KNOXVILLE_SITE,41,42,CT,S,SBMVXU,URGENT,APPROVED,2025-08-09,LPN-0000171
SO-0000053,12143,DEL-000144,ITEM-00223,OP,1Z510890186792540,FedEx,102,101,KNOXVILLE_SITE,69,67,CT,S,JNKC1T,LOW,IN PROCESS,2025-07-25,LPN-0000138
SO-0000118,12118,DEL-000119,ITEM-00040,IN_TRANSIT,1Z114938883276814,XPO,102,301,FRANKLIN_SITE,115,113,BX,S,DR0O5C,URGENT,APPROVED,2025-08-28,LPN-0000101
SO-0000119,12012,DEL-000013,ITEM-00243,IN_TRANSIT,1Z583773435068471,USPS,102,101,FRANKLIN_SITE,87,87,EA,S,O9WAPV,LOW,APPROVED,2025-08-14,LPN-0000076
SO-0000134,12031,DEL-000032,ITEM-00139,IN_TRANSIT,1Z505834044882813,USPS,101,201,HENDERSONVILLE_SITE,39,37,BX,B,MV7M43,STD,APPROVED,2025-10-09,LPN-0000001
SO-0000015,12005,DEL-000006,ITEM-00216,CL,1Z336353730798237,USPS,103,101,NASHVILLE_DC,160,158,EA,B,W5QHTE,LOW,APPROVED,2025-08-14,LPN-0000092
SO-0000016,12204,DEL-000205,ITEM-00215,OP,1Z888196187696182,USPS,101,101,HENDERSONVILLE_SITE,64,62,CT,B,4TDUPH,LOW,IN PROCESS,2025-10-08,LPN-0000087
SO-0000116,12142,DEL-000143,ITEM-00081,OP,1Z145026970430079,USPS,301,101,HENDERSONVILLE_SITE,53,53,BX,B,IF44OA,STD,IN PROCESS,2025-09-16,LPN-0000002
SO-0000039,12129,DEL-000130,ITEM-00167,CL,,FedEx,102,101,MEMPHIS_DC,160,159,PK,R,31LSIY,LOW,APPROVED,2025-08-06,LPN-0000179
SO-0000005,12220,DEL-000221,ITEM-00244,IN_TRANSIT,,XPO,102,201,FRANKLIN_SITE,127,125,CT,R,K6X0ES,URGENT,IN PROCESS,2025-06-22,LPN-0000139
SO-0000039,12088,DEL-000089,ITEM-00129,CL,1Z166980306558880,XPO,301,102,MEMPHIS_DC,99,98,BX,B,31LSIY,LOW,APPROVED,2025-08-06,LPN-0000135
SO-0000084,12199,DEL-000200,ITEM-00171,STAGED,1Z853710349083933,UPS,101,101,KNOXVILLE_SITE,61,59,EA,S,FN9LTU,URGENT,REJECTED,2025-09-01,LPN-0000122
SO-0000072,12203,DEL-000204,ITEM-00070,IN_TRANSIT,1Z302158224604312,XPO,103,301,FRANKLIN_SITE,193,194,EA,R,4QXK7L,LOW,IN PROCESS,2025-08-29,LPN-0000003
SO-0000108,12080,DEL-000081,ITEM-00295,IN_TRANSIT,1Z282148069158152,UPS,103,102,NASHVILLE_DC,90,90,PK,S,8LEIJZ,LOW,IN PROCESS,2025-10-02,LPN-0000025
SO-0000056,12210,DEL-000211,ITEM-00054,IN_TRANSIT,1Z956684516870226,FedEx,101,103,FRANKLIN_SITE,67,66,CT,B,CI0DL4,LOW,APPROVED,2025-08-16,LPN-0000081
SO-0000073,12154,DEL-000155,ITEM-00105,STAGED,1Z663272197069052,DHL,103,301,NASHVILLE_DC,37,37,CT,B,6NY0T3,STD,APPROVED,2025-10-05,LPN-0000016
SO-0000055,12185,DEL-000186,ITEM-00100,STAGED,1Z129837072684348,USPS,103,201,NASHVILLE_DC,99,98,BX,B,WUXM52,URGENT,APPROVED,2025-10-17,LPN-0000062
SO-0000113,12134,DEL-000135,ITEM-00149,OP,1Z506355110526343,FedEx,102,201,NASHVILLE_DC,18,18,CT,S,9NCFJG,STD,APPROVED,2025-09-22,LPN-0000050
SO-0000080,12127,DEL-000128,ITEM-00293,OP,,XPO,301,201,FRANKLIN_SITE,146,146,EA,S,2O6NO7,LOW,APPROVED,2025-08-17,LPN-0000134
SO-0000044,12106,DEL-000107,ITEM-00136,CL,1Z876281076187800,UPS,301,101,FRANKLIN_SITE,197,196,BX,B,RKF5SC,URGENT,IN PROCESS,2025-08-18,LPN-0000187
SO-0000055,12035,DEL-000036,ITEM-00246,CL,1Z379415386941921,UPS,103,103,MEMPHIS_DC,36,37,BX,B,WUXM52,URGENT,APPROVED,2025-10-17,LPN-0000117
SO-0000106,12137,DEL-000138,ITEM-00159,IN_TRANSIT,1Z452464646634228,UPS,101,102,FRANKLIN_SITE,138,138,BX,S,IVBP7N,STD,APPROVED,2025-08-05,LPN-0000206
SO-0000023,12049,DEL-000050,ITEM-00290,IN_TRANSIT,,XPO,103,102,NASHVILLE_DC,38,36,BX,S,47KKPW,STD,REJECTED,2025-06-30,LPN-0000061
SO-0000013,12061,DEL-000062,ITEM-00172,CL,1Z387966901513038,XPO,301,103,MEMPHIS_DC,171,171,EA,R,GLQ8N3,STD,IN PROCESS,2025-07-29,LPN-0000109
SO-0000083,12136,DEL-000137,ITEM-00238,CL,1Z431827559747611,FedEx,102,103,MEMPHIS_DC,73,74,PK,B,VAJ85X,STD,REJECTED,2025-07-26,LPN-0000188
SO-0000150,12188,DEL-000189,ITEM-00115,STAGED,1Z576292076981747,UPS,201,201,FRANKLIN_SITE,93,93,PK,B,KPLNR3,STD,IN PROCESS,2025-09-25,LPN-0000059
SO-0000007,12034,DEL-000035,ITEM-00033,CL,1Z337962411666708,UPS,102,102,FRANKLIN_SITE,192,192,EA,R,XQ9Q86,URGENT,REJECTED,2025-07-11,LPN-0000215
SO-0000152,12104,DEL-000105,ITEM-00041,STAGED,1Z695553458190783,USPS,103,103,MEMPHIS_DC,68,69,PK,B,6G9WVS,STD,APPROVED,2025-08-17,LPN-0000107
SO-0000020,12060,DEL-000061,ITEM-00206,CL,1Z737037701564665,USPS,103,301,HENDERSONVILLE_SITE,108,106,PK,S,BVCZQD,LOW,IN PROCESS,2025-08-22,LPN-0000200
SO-0000025,12165,DEL-000166,ITEM-00277,STAGED,1Z605965703465534,XPO,103,201,MEMPHIS_DC,33,34,PK,R,2QBDJR,LOW,REJECTED,2025-07-29,LPN-0000073
SO-0000111,12204,DEL-000205,ITEM-00236,OP,1Z888196187696182,USPS,101,101,HENDERSONVILLE_SITE,68,68,EA,B,BXC1WC,LOW,APPROVED,2025-07-25,LPN-0000081
SO-0000015,12134,DEL-000135,ITEM-00297,OP,1Z506355110526343,FedEx,102,201,NASHVILLE_DC,68,66,CT,S,W5QHTE,LOW,APPROVED,2025-08-14,LPN-0000165
SO-0000034,12049,DEL-000050,ITEM-00090,IN_TRANSIT,,XPO,103,102,NASHVILLE_DC,108,107,CT,B,2NIX4D,URGENT,APPROVED,2025-08-05,LPN-0000199
SO-0000098,12035,DEL-000036,ITEM-00118,CL,1Z379415386941921,UPS,103,103,MEMPHIS_DC,123,121,PK,B,KF0RWE,STD,IN PROCESS,2025-09-22,LPN-0000117
SO-0000001,12052,DEL-000053,ITEM-00280,IN_TRANSIT,1Z567692741154444,FedEx,201,201,KNOXVILLE_SITE,109,108,CT,B,XX30QA,URGENT,IN PROCESS,2025-07-06,LPN-0000228
SO-0000139,12041,DEL-000042,ITEM-00232,OP,,FedEx,101,301,HENDERSONVILLE_SITE,120,121,PK,R,GGBVT7,STD,REJECTED,2025-07-04,LPN-0000236
SO-0000132,12037,DEL-000038,ITEM-00237,OP,1Z879408648374286,UPS,301,201,KNOXVILLE_SITE,9,7,BX,B,2SJAMH,LOW,REJECTED,2025-07-29,LPN-0000194
SO-0000069,12172,DEL-000173,ITEM-00291,OP,1Z881112911610446,FedEx,201,201,HENDERSONVILLE_SITE,90,91,EA,B,33HLWH,URGENT,IN PROCESS,2025-08-28,LPN-0000043
SO-0000019,12194,DEL-000195,ITEM-00278,STAGED,1Z330545239574679,FedEx,103,102,NASHVILLE_DC,27,27,CT,S,QNZCLL,LOW,APPROVED,2025-07-15,LPN-0000128
SO-0000138,12143,DEL-000144,ITEM-00049,OP,1Z510890186792540,FedEx,102,101,KNOXVILLE_SITE,195,193,BX,S,TVS1X3,LOW,APPROVED,2025-09-02,LPN-0000104
SO-0000061,12193,DEL-000194,ITEM-00205,CL,1Z433695789010913,USPS,301,101,NASHVILLE_DC,147,146,EA,S,0BFR83,URGENT,APPROVED,2025-10-02,LPN-0000093
SO-0000016,12164,DEL-000165,ITEM-00261,STAGED,,USPS,201,201,HENDERSONVILLE_SITE,198,196,CT,S,4TDUPH,LOW,IN PROCESS,2025-10-08,LPN-0000069
SO-0000127,12186,DEL-000187,ITEM-00287,CL,1Z741177153725211,DHL,301,301,KNOXVILLE_SITE,187,186,PK,R,TCOZ6C,LOW,APPROVED,2025-09-04,LPN-0000117
SO-0000113,12099,DEL-000100,ITEM-00218,IN_TRANSIT,1Z596598580132303,XPO,101,201,NASHVILLE_DC,52,53,CT,B,9NCFJG,STD,APPROVED,2025-09-22,LPN-0000232
SO-0000097,12129,DEL-000130,ITEM-00004,CL,,FedEx,102,101,MEMPHIS_DC,65,63,PK,R,I81RAX,LOW,REJECTED,2025-08-26,LPN-0000182
SO-0000041,12009,DEL-000010,ITEM-00286,STAGED,1Z396206118258705,UPS,201,201,KNOXVILLE_SITE,106,106,BX,B,0L4DBZ,LOW,IN PROCESS,2025-07-12,LPN-0000086
SO-0000072,12035,DEL-000036,ITEM-00248,CL,1Z379415386941921,UPS,103,103,MEMPHIS_DC,170,169,PK,R,4QXK7L,LOW,IN PROCESS,2025-08-29,LPN-0000172
SO-0000018,12172,DEL-000173,ITEM-00039,OP,1Z881112911610446,FedEx,201,201,HENDERSONVILLE_SITE,196,197,EA,R,LGGOGX,URGENT,REJECTED,2025-09-23,LPN-0000149
SO-0000129,12060,DEL-000061,ITEM-00036,CL,1Z737037701564665,USPS,103,301,HENDERSONVILLE_SITE,91,90,CT,S,FLE231,LOW,IN PROCESS,2025-08-30,LPN-0000059
SO-0000073,12174,DEL-000175,ITEM-00237,IN_TRANSIT,1Z904356863965420,USPS,103,201,FRANKLIN_SITE,67,66,BX,S,6NY0T3,STD,APPROVED,2025-10-05,LPN-0000132
SO-0000004,12068,DEL-000069,ITEM-00084,STAGED,,FedEx,201,301,HENDERSONVILLE_SITE,88,87,BX,B,B3T3XH,STD,REJECTED,2025-07-29,LPN-0000124
SO-0000138,12121,DEL-000122,ITEM-00228,IN_TRANSIT,,DHL,103,201,FRANKLIN_SITE,69,68,BX,S,TVS1X3,LOW,APPROVED,2025-09-02,LPN-0000239
SO-0000031,12139,DEL-000140,ITEM-00025,OP,1Z595674608254690,FedEx,102,102,HENDERSONVILLE_SITE,74,72,PK,R,AJCIC1,URGENT,APPROVED,2025-09-13,LPN-0000009
SO-0000064,12041,DEL-000042,ITEM-00241,OP,,FedEx,101,301,HENDERSONVILLE_SITE,155,156,CT,R,C5SPCA,LOW,APPROVED,2025-10-14,LPN-0000042
SO-0000121,12024,DEL-000025,ITEM-00251,IN_TRANSIT,1Z107618644626284,DHL,101,102,MEMPHIS_DC,11,12,BX,B,GI4A4Q,STD,REJECTED,2025-07-04,LPN-0000201
SO-0000028,12162,DEL-000163,ITEM-00015,STAGED,,XPO,201,301,HENDERSONVILLE_SITE,174,172,CT,R,ZEVQHG,LOW,REJECTED,2025-10-14,LPN-0000148
SO-0000091,12070,DEL-000071,ITEM-00192,STAGED,1Z502189663703924,USPS,103,103,HENDERSONVILLE_SITE,86,86,CT,S,2X991Z,STD,APPROVED,2025-08-03,LPN-0000134
SO-0000137,12212,DEL-000213,ITEM-00148,OP,1Z326937583941595,DHL,301,102,KNOXVILLE_SITE,101,100,EA,S,20M8PE,LOW,IN PROCESS,2025-08-10,LPN-0000041
SO-0000127,12188,DEL-000189,ITEM-00296,STAGED,1Z576292076981747,UPS,201,201,FRANKLIN_SITE,25,24,EA,R,TCOZ6C,LOW,APPROVED,2025-09-04,LPN-0000134
SO-0000053,12121,DEL-000122,ITEM-00151,IN_TRANSIT,,DHL,103,201,FRANKLIN_SITE,11,11,BX,S,JNKC1T,LOW,IN PROCESS,2025-07-25,LPN-0000054
SO-0000145,12176,DEL-000177,ITEM-00033,OP,,USPS,103,101,MEMPHIS_DC,160,161,BX,B,XO2QKU,LOW,APPROVED,2025-10-16,LPN-0000191
SO-0000049,12170,DEL-000171,ITEM-00056,OP,1Z397675081673375,USPS,101,301,FRANKLIN_SITE,27,26,PK,R,A2GEN0,STD,APPROVED,2025-09-21,LPN-0000221
SO-0000069,12064,DEL-000065,ITEM-00124,STAGED,1Z213055583280028,FedEx,201,102,NASHVILLE_DC,170,169,PK,B,33HLWH,URGENT,IN PROCESS,2025-08-28,LPN-0000002
SO-0000114,12067,DEL-000068,ITEM-00126,STAGED,1Z652733727548555,DHL,101,102,KNOXVILLE_SITE,106,106,PK,R,NKOFW8,STD,REJECTED,2025-09-14,LPN-0000081
SO-0000038,12219,DEL-000220,ITEM-00097,IN_TRANSIT,1Z324360313490312,XPO,301,201,FRANKLIN_SITE,48,47,CT,R,SC7I6Q,URGENT,APPROVED,2025-08-02,LPN-0000145
SO-0000139,12061,DEL-000062,ITEM-00122,CL,1Z387966901513038,XPO,301,103,MEMPHIS_DC,6,4,EA,B,GGBVT7,STD,REJECTED,2025-07-04,LPN-0000100
SO-0000119,12110,DEL-000111,ITEM-00231,CL,1Z458764265815779,UPS,101,101,HENDERSONVILLE_SITE,162,163,EA,S,O9WAPV,LOW,APPROVED,2025-08-14,LPN-0000155
SO-0000012,12104,DEL-000105,ITEM-00282,STAGED,1Z695553458190783,USPS,103,103,MEMPHIS_DC,191,189,EA,B,OZVKLC,STD,REJECTED,2025-07-25,LPN-0000085
SO-0000010,12166,DEL-000167,ITEM-00253,IN_TRANSIT,,UPS,102,101,MEMPHIS_DC,77,76,CT,B,OB10F8,URGENT,REJECTED,2025-09-30,LPN-0000022
SO-0000042,12078,DEL-000079,ITEM-00191,OP,1Z433510379833679,XPO,201,201,FRANKLIN_SITE,124,124,PK,R,RRI73H,URGENT,IN PROCESS,2025-06-23,LPN-0000031
SO-0000142,12175,DEL-000176,ITEM-00032,STAGED,1Z842786044560885,FedEx,102,102,KNOXVILLE_SITE,110,110,PK,S,X34TJK,STD,REJECTED,2025-09-21,LPN-0000050
SO-0000072,12201,DEL-000202,ITEM-00173,CL,1Z143908205335338,USPS,301,201,FRANKLIN_SITE,196,195,CT,S,4QXK7L,LOW,IN PROCESS,2025-08-29,LPN-0000223
SO-0000107,12104,DEL-000105,ITEM-00023,STAGED,1Z695553458190783,USPS,103,103,MEMPHIS_DC,19,19,BX,S,QHPXPF,URGENT,REJECTED,2025-09-17,LPN-0000114
SO-0000143,12088,DEL-000089,ITEM-00134,CL,1Z166980306558880,XPO,301,102,MEMPHIS_DC,130,131,EA,S,8BV6SX,LOW,APPROVED,2025-09-14,LPN-0000207
SO-0000148,12161,DEL-000162,ITEM-00221,STAGED,1Z111725195012451,XPO,103,201,HENDERSONVILLE_SITE,12,12,EA,S,4QEX03,URGENT,REJECTED,2025-07-20,LPN-0000135
SO-0000014,12064,DEL-000065,ITEM-00206,STAGED,1Z213055583280028,FedEx,201,102,NASHVILLE_DC,90,90,CT,S,KDHI3P,LOW,APPROVED,2025-07-10,LPN-0000009
SO-0000039,12053,DEL-000054,ITEM-00222,STAGED,1Z544965541847866,DHL,201,103,MEMPHIS_DC,199,199,BX,B,31LSIY,LOW,APPROVED,2025-08-06,LPN-0000027
SO-0000055,12117,DEL-000118,ITEM-00078,CL,1Z583458891752529,FedEx,301,201,KNOXVILLE_SITE,7,7,EA,B,WUXM52,URGENT,APPROVED,2025-10-17,LPN-0000204
SO-0000080,12037,DEL-000038,ITEM-00050,OP,1Z879408648374286,UPS,301,201,KNOXVILLE_SITE,113,111,PK,R,2O6NO7,LOW,APPROVED,2025-08-17,LPN-0000122
SO-0000018,12115,DEL-000116,ITEM-00291,CL,1Z854677788294636,XPO,201,101,KNOXVILLE_SITE,9,10,PK,R,LGGOGX,URGENT,REJECTED,2025-09-23,LPN-0000189
SO-0000108,12179,DEL-000180,ITEM-00187,IN_TRANSIT,1Z963860472133116,USPS,201,301,FRANKLIN_SITE,63,62,BX,B,8LEIJZ,LOW,IN PROCESS,2025-10-02,LPN-0000072
SO-0000114,12059,DEL-000060,ITEM-00205,STAGED,1Z866476761052013,FedEx,103,103,KNOXVILLE_SITE,77,77,PK,B,NKOFW8,STD,REJECTED,2025-09-14,LPN-0000224
SO-0000042,12173,DEL-000174,ITEM-00283,IN_TRANSIT,1Z651963795905361,USPS,201,101,MEMPHIS_DC,142,142,BX,B,RRI73H,URGENT,IN PROCESS,2025-06-23,LPN-0000042
SO-0000085,12206,DEL-000207,ITEM-00150,STAGED,1Z786532903248752,FedEx,102,301,MEMPHIS_DC,119,120,PK,S,EQ0TR0,URGENT,REJECTED,2025-09-17,LPN-0000075
SO-0000116,12221,DEL-000222,ITEM-00093,CL,1Z847416741595523,UPS,102,201,KNOXVILLE_SITE,8,9,EA,R,IF44OA,STD,IN PROCESS,2025-09-16,LPN-0000125
SO-0000095,12215,DEL-000216,ITEM-00208,CL,1Z219938990413087,FedEx,101,101,KNOXVILLE_SITE,55,53,CT,R,MKP4VQ,LOW,REJECTED,2025-08-04,LPN-0000075
SO-0000097,12195,DEL-000196,ITEM-00125,OP,,XPO,301,101,MEMPHIS_DC,97,98,CT,S,I81RAX,LOW,REJECTED,2025-08-26,LPN-0000226
SO-0000028,12165,DEL-000166,ITEM-00054,STAGED,1Z605965703465534,XPO,103,201,MEMPHIS_DC,64,65,PK,R,ZEVQHG,LOW,REJECTED,2025-10-14,LPN-0000021
SO-0000131,12077,DEL-000078,ITEM-00132,CL,1Z247150064166108,XPO,201,103,KNOXVILLE_SITE,38,36,CT,R,1O8BRZ,LOW,APPROVED,2025-07-26,LPN-0000084
SO-0000030,12074,DEL-000075,ITEM-00218,OP,1Z256468309786338,FedEx,102,101,MEMPHIS_DC,30,30,EA,B,LX15DJ,STD,IN PROCESS,2025-06-22,LPN-0000248
SO-0000055,12220,DEL-000221,ITEM-00134,IN_TRANSIT,,XPO,102,201,FRANKLIN_SITE,75,76,BX,B,WUXM52,URGENT,APPROVED,2025-10-17,LPN-0000120
SO-0000144,12198,DEL-000199,ITEM-00188,CL,1Z269267934482762,USPS,101,101,NASHVILLE_DC,63,64,EA,R,FIG9EL,URGENT,APPROVED,2025-09-26,LPN-0000007
SO-0000071,12153,DEL-000154,ITEM-00260,OP,1Z777411259582564,USPS,103,301,HENDERSONVILLE_SITE,19,20,BX,S,JW7N6M,URGENT,APPROVED,2025-09-17,LPN-0000099
SO-0000001,12035,DEL-000036,ITEM-00044,CL,1Z379415386941921,UPS,103,103,MEMPHIS_DC,94,95,EA,B,XX30QA,URGENT,IN PROCESS,2025-07-06,LPN-0000106
SO-0000054,12060,DEL-000061,ITEM-00015,CL,1Z737037701564665,USPS,103,301,HENDERSONVILLE_SITE,48,49,EA,B,LG64AZ,STD,IN PROCESS,2025-08-17,LPN-0000051
SO-0000150,12010,DEL-000011,ITEM-00186,STAGED,1Z723048305070896,XPO,301,301,NASHVILLE_DC,136,137,EA,B,KPLNR3,STD,IN PROCESS,2025-09-25,LPN-0000077
SO-0000095,12082,DEL-000083,ITEM-00003,IN_TRANSIT,1Z640056393811027,USPS,301,102,FRANKLIN_SITE,28,28,EA,S,MKP4VQ,LOW,REJECTED,2025-08-04,LPN-0000110
SO-0000108,12149,DEL-000150,ITEM-00236,STAGED,1Z681967396651410,XPO,103,101,KNOXVILLE_SITE,17,16,EA,S,8LEIJZ,LOW,IN PROCESS,2025-10-02,LPN-0000131
SO-0000147,12153,DEL-000154,ITEM-00103,OP,1Z777411259582564,USPS,103,301,HENDERSONVILLE_SITE,126,125,BX,S,RZDB7O,LOW,APPROVED,2025-07-05,LPN-0000012
SO-0000143,12076,DEL-000077,ITEM-00163,STAGED,1Z652106689793403,FedEx,103,101,FRANKLIN_SITE,30,31,CT,B,8BV6SX,LOW,APPROVED,2025-09-14,LPN-0000183
SO-0000104,12058,DEL-000059,ITEM-00096,CL,1Z997828659193794,FedEx,301,102,HENDERSONVILLE_SITE,35,33,PK,R,NSE1P2,STD,REJECTED,2025-10-01,LPN-0000223
SO-0000143,12140,DEL-000141,ITEM-00006,STAGED,1Z970635684430274,USPS,103,101,NASHVILLE_DC,45,46,PK,B,8BV6SX,LOW,APPROVED,2025-09-14,LPN-0000172
SO-0000059,12035,DEL-000036,ITEM-00046,CL,1Z379415386941921,UPS,103,103,MEMPHIS_DC,75,75,CT,B,G4S833,LOW,APPROVED,2025-08-15,LPN-0000074
SO-0000055,12049,DEL-000050,ITEM-00146,IN_TRANSIT,,XPO,103,102,NASHVILLE_DC,44,42,EA,S,WUXM52,URGENT,APPROVED,2025-10-17,LPN-0000248
SO-0000016,12150,DEL-000151,ITEM-00115,STAGED,1Z155263180348354,XPO,103,201,KNOXVILLE_SITE,107,106,CT,B,4TDUPH,LOW,IN PROCESS,2025-10-08,LPN-0000053
SO-0000079,12088,DEL-000089,ITEM-00156,CL,1Z166980306558880,XPO,301,102,MEMPHIS_DC,171,172,EA,R,KLZ4Y2,URGENT,REJECTED,2025-08-27,LPN-0000143
SO-0000066,12119,DEL-000120,ITEM-00146,CL,1Z126458446546022,XPO,102,301,KNOXVILLE_SITE,103,102,PK,R,P1C2Z6,STD,IN PROCESS,2025-06-20,LPN-0000109
SO-0000151,12058,DEL-000059,ITEM-00242,CL,1Z997828659193794,FedEx,301,102,HENDERSONVILLE_SITE,165,166,BX,S,FD8KEO,LOW,REJECTED,2025-09-30,LPN-0000059
SO-0000029,12151,DEL-000152,ITEM-00039,IN_TRANSIT,1Z356474367136907,FedEx,102,201,KNOXVILLE_SITE,77,77,EA,S,RFI4XL,STD,IN PROCESS,2025-07-28,LPN-0000238
SO-0000006,12007,DEL-000008,ITEM-00089,IN_TRANSIT,,USPS,103,301,MEMPHIS_DC,77,76,PK,R,GW37EC,LOW,IN PROCESS,2025-07-23,LPN-0000034
SO-0000096,12177,DEL-000178,ITEM-00227,OP,1Z746274110038452,USPS,201,101,HENDERSONVILLE_SITE,35,35,BX,B,4VUZ7F,LOW,APPROVED,2025-09-22,LPN-0000249
SO-0000127,12133,DEL-000134,ITEM-00176,CL,1Z350675192497165,FedEx,102,101,MEMPHIS_DC,171,172,EA,B,TCOZ6C,LOW,APPROVED,2025-09-04,LPN-0000228
SO-0000123,12134,DEL-000135,ITEM-00234,OP,1Z506355110526343,FedEx,102,201,NASHVILLE_DC,175,174,EA,R,7V5AIV,URGENT,REJECTED,2025-10-06,LPN-0000023
SO-0000107,12028,DEL-000029,ITEM-00111,STAGED,,XPO,201,102,MEMPHIS_DC,136,136,CT,S,QHPXPF,URGENT,REJECTED,2025-09-17,LPN-0000218
SO-0000106,12092,DEL-000093,ITEM-00003,STAGED,1Z265340061711360,XPO,102,301,KNOXVILLE_SITE,48,49,BX,R,IVBP7N,STD,APPROVED,2025-08-05,LPN-0000213
SO-0000068,12074,DEL-000075,ITEM-00188,OP,1Z256468309786338,FedEx,102,101,MEMPHIS_DC,189,188,EA,S,KSA92Z,STD,APPROVED,2025-07-09,LPN-0000241
SO-0000009,12168,DEL-000169,ITEM-00089,CL,1Z802957708185415,FedEx,301,301,MEMPHIS_DC,183,182,EA,S,37BOK7,STD,REJECTED,2025-06-21,LPN-0000199
SO-0000144,12112,DEL-000113,ITEM-00123,STAGED,1Z395015447073906,USPS,101,201,HENDERSONVILLE_SITE,58,57,CT,S,FIG9EL,URGENT,APPROVED,2025-09-26,LPN-0000217
SO-0000087,12026,DEL-000027,ITEM-00246,OP,1Z272624051106682,FedEx,201,301,HENDERSONVILLE_SITE,170,171,CT,S,Z64R0L,STD,REJECTED,2025-09-29,LPN-0000145
SO-0000020,12189,DEL-000190,ITEM-00032,IN_TRANSIT,,DHL,102,201,KNOXVILLE_SITE,183,184,BX,R,BVCZQD,LOW,IN PROCESS,2025-08-22,LPN-0000112
SO-0000064,12132,DEL-000133,ITEM-00166,STAGED,1Z408553176735830,FedEx,301,101,HENDERSONVILLE_SITE,31,29,EA,S,C5SPCA,LOW,APPROVED,2025-10-14,LPN-0000196
SO-0000012,12053,DEL-000054,ITEM-00080,STAGED,1Z544965541847866,DHL,201,103,MEMPHIS_DC,111,112,BX,B,OZVKLC,STD,REJECTED,2025-07-25,LPN-0000243
SO-0000053,12154,DEL-000155,ITEM-00155,STAGED,1Z663272197069052,DHL,103,301,NASHVILLE_DC,85,83,EA,S,JNKC1T,LOW,IN PROCESS,2025-07-25,LPN-0000080
SO-0000150,12160,DEL-000161,ITEM-00271,STAGED,1Z719796827393177,FedEx,102,101,FRANKLIN_SITE,35,36,BX,S,KPLNR3,STD,IN PROCESS,2025-09-25,LPN-0000169
SO-0000041,12098,DEL-000099,ITEM-00230,STAGED,1Z862422143665849,UPS,101,102,NASHVILLE_DC,89,88,BX,S,0L4DBZ,LOW,IN PROCESS,2025-07-12,LPN-0000089
SO-0000042,12156,DEL-000157,ITEM-00013,OP,1Z476467248643560,UPS,102,101,HENDERSONVILLE_SITE,120,119,PK,B,RRI73H,URGENT,IN PROCESS,2025-06-23,LPN-0000213
SO-0000113,12175,DEL-000176,ITEM-00021,STAGED,1Z842786044560885,FedEx,102,102,KNOXVILLE_SITE,2,1,PK,B,9NCFJG,STD,APPROVED,2025-09-22,LPN-0000204
SO-0000019,12127,DEL-000128,ITEM-00098,OP,,XPO,301,201,FRANKLIN_SITE,75,74,PK,B,QNZCLL,LOW,APPROVED,2025-07-15,LPN-0000214
SO-0000043,12013,DEL-000014,ITEM-00277,IN_TRANSIT,1Z871134455498026,USPS,103,103,HENDERSONVILLE_SITE,195,196,PK,B,XBJ74I,STD,APPROVED,2025-09-18,LPN-0000004
SO-0000090,12039,DEL-000040,ITEM-00059,IN_TRANSIT,,UPS,301,301,HENDERSONVILLE_SITE,188,186,CT,B,5DZ4NJ,LOW,IN PROCESS,2025-06-21,LPN-0000102
SO-0000064,12023,DEL-000024,ITEM-00285,STAGED,1Z626868092480858,XPO,201,103,KNOXVILLE_SITE,41,41,BX,S,C5SPCA,LOW,APPROVED,2025-10-14,LPN-0000027
SO-0000124,12186,DEL-000187,ITEM-00095,CL,1Z741177153725211,DHL,301,301,KNOXVILLE_SITE,95,94,BX,B,ZNOX7W,STD,APPROVED,2025-08-04,LPN-0000066
SO-0000052,12118,DEL-000119,ITEM-00297,IN_TRANSIT,1Z114938883276814,XPO,102,301,FRANKLIN_SITE,164,163,PK,R,WWPX04,STD,IN PROCESS,2025-06-28,LPN-0000088
SO-0000015,12124,DEL-000125,ITEM-00152,CL,1Z868405588906970,DHL,101,102,MEMPHIS_DC,174,175,EA,R,W5QHTE,LOW,APPROVED,2025-08-14,LPN-0000054
SO-0000062,12191,DEL-000192,ITEM-00096,CL,1Z798883027929535,USPS,101,101,HENDERSONVILLE_SITE,118,117,CT,R,XVFQNI,STD,REJECTED,2025-10-15,LPN-0000020
SO-0000078,12083,DEL-000084,ITEM-00065,STAGED,1Z181558205217058,FedEx,102,102,KNOXVILLE_SITE,50,50,CT,S,IBBHNX,STD,APPROVED,2025-08-02,LPN-0000238
SO-0000108,12188,DEL-000189,ITEM-00279,STAGED,1Z576292076981747,UPS,201,201,FRANKLIN_SITE,73,71,BX,R,8LEIJZ,LOW,IN PROCESS,2025-10-02,LPN-0000220
SO-0000109,12054,DEL-000055,ITEM-00152,CL,1Z556498942419617,DHL,101,101,MEMPHIS_DC,13,14,EA,B,TV1YLS,STD,IN PROCESS,2025-06-21,LPN-0000074
SO-0000015,12165,DEL-000166,ITEM-00220,STAGED,1Z605965703465534,XPO,103,201,MEMPHIS_DC,52,50,BX,S,W5QHTE,LOW,APPROVED,2025-08-14,LPN-0000068
SO-0000017,12173,DEL-000174,ITEM-00048,IN_TRANSIT,1Z651963795905361,USPS,201,101,MEMPHIS_DC,138,137,BX,B,SFCRZV,STD,REJECTED,2025-07-28,LPN-0000246
SO-0000074,12189,DEL-000190,ITEM-00230,IN_TRANSIT,,DHL,102,201,KNOXVILLE_SITE,168,169,CT,R,OM6D3C,URGENT,APPROVED,2025-09-22,LPN-0000245
SO-0000047,12033,DEL-000034,ITEM-00221,IN_TRANSIT,1Z580314350277937,XPO,102,101,FRANKLIN_SITE,172,173,CT,B,RRCDM7,STD,IN PROCESS,2025-09-05,LPN-0000004
SO-0000046,12217,DEL-000218,ITEM-00130,IN_TRANSIT,1Z498809342692378,DHL,102,301,MEMPHIS_DC,95,95,PK,B,UKYR73,LOW,IN PROCESS,2025-07-22,LPN-0000248
SO-0000075,12042,DEL-000043,ITEM-00087,OP,,FedEx,301,301,HENDERSONVILLE_SITE,194,193,BX,R,UNCZ8U,STD,APPROVED,2025-09-24,LPN-0000170
SO-0000129,12095,DEL-000096,ITEM-00042,STAGED,,UPS,201,301,MEMPHIS_DC,169,168,PK,R,FLE231,LOW,IN PROCESS,2025-08-30,LPN-0000085
SO-0000035,12064,DEL-000065,ITEM-00231,STAGED,1Z213055583280028,FedEx,201,102,NASHVILLE_DC,117,117,PK,B,NI1LM8,LOW,REJECTED,2025-10-03,LPN-0000156
SO-0000075,12163,DEL-000164,ITEM-00207,IN_TRANSIT,1Z363759170335923,DHL,201,102,KNOXVILLE_SITE,141,142,CT,B,UNCZ8U,STD,APPROVED,2025-09-24,LPN-0000016
SO-0000015,12087,DEL-000088,ITEM-00052,CL,1Z185410700303607,USPS,101,201,NASHVILLE_DC,97,97,PK,R,W5QHTE,LOW,APPROVED,2025-08-14,LPN-0000072
SO-0000020,12104,DEL-000105,ITEM-00264,STAGED,1Z695553458190783,USPS,103,103,MEMPHIS_DC,36,34,EA,B,BVCZQD,LOW,IN PROCESS,2025-08-22,LPN-0000082
SO-0000044,12076,DEL-000077,ITEM-00078,STAGED,1Z652106689793403,FedEx,103,101,FRANKLIN_SITE,126,125,BX,S,RKF5SC,URGENT,IN PROCESS,2025-08-18,LPN-0000172
SO-0000017,12091,DEL-000092,ITEM-00026,OP,1Z150076245053533,UPS,101,301,HENDERSONVILLE_SITE,177,178,CT,B,SFCRZV,STD,REJECTED,2025-07-28,LPN-0000192
SO-0000142,12217,DEL-000218,ITEM-00045,IN_TRANSIT,1Z498809342692378,DHL,102,301,MEMPHIS_DC,184,182,BX,R,X34TJK,STD,REJECTED,2025-09-21,LPN-0000129
SO-0000103,12208,DEL-000209,ITEM-00280,IN_TRANSIT,1Z771985196355955,FedEx,101,301,KNOXVILLE_SITE,65,66,PK,S,ICU7A0,URGENT,IN PROCESS,2025-09-08,LPN-0000042
SO-0000026,12127,DEL-000128,ITEM-00250,OP,,XPO,301,201,FRANKLIN_SITE,68,66,BX,S,9LGY9M,URGENT,APPROVED,2025-09-28,LPN-0000141
SO-0000098,12222,DEL-000223,ITEM-00013,STAGED,1Z160658574108018,USPS,103,301,NASHVILLE_DC,89,88,EA,R,KF0RWE,STD,IN PROCESS,2025-09-22,LPN-0000195
SO-0000116,12209,DEL-000210,ITEM-00259,IN_TRANSIT,1Z613377398790729,DHL,301,103,KNOXVILLE_SITE,32,33,PK,R,IF44OA,STD,IN PROCESS,2025-09-16,LPN-0000216
SO-0000040,12176,DEL-000177,ITEM-00200,OP,,USPS,103,101,MEMPHIS_DC,165,164,PK,R,AY6NS6,LOW,IN PROCESS,2025-07-29,LPN-0000056
SO-0000067,12201,DEL-000202,ITEM-00287,CL,1Z143908205335338,USPS,301,201,FRANKLIN_SITE,107,105,CT,S,SBMVXU,URGENT,APPROVED,2025-08-09,LPN-0000188
SO-0000072,12038,DEL-000039,ITEM-00228,OP,,DHL,201,101,FRANKLIN_SITE,116,114,EA,S,4QXK7L,LOW,IN PROCESS,2025-08-29,LPN-0000129
SO-0000106,12019,DEL-000020,ITEM-00204,STAGED,1Z508870419999138,XPO,301,102,KNOXVILLE_SITE,192,193,BX,R,IVBP7N,STD,APPROVED,2025-08-05,LPN-0000114
SO-0000055,12020,DEL-000021,ITEM-00253,CL,1Z577313284263309,XPO,102,103,KNOXVILLE_SITE,41,41,BX,B,WUXM52,URGENT,APPROVED,2025-10-17,LPN-0000028
SO-0000091,12161,DEL-000162,ITEM-00085,STAGED,1Z111725195012451,XPO,103,201,HENDERSONVILLE_SITE,137,135,CT,B,2X991Z,STD,APPROVED,2025-08-03,LPN-0000151
SO-0000139,12191,DEL-000192,ITEM-00122,CL,1Z798883027929535,USPS,101,101,HENDERSONVILLE_SITE,167,166,PK,R,GGBVT7,STD,REJECTED,2025-07-04,LPN-0000208
SO-0000104,12106,DEL-000107,ITEM-00129,CL,1Z876281076187800,UPS,301,101,FRANKLIN_SITE,150,149,EA,R,NSE1P2,STD,REJECTED,2025-10-01,LPN-0000172
SO-0000037,12101,DEL-000102,ITEM-00051,CL,1Z430024852058321,UPS,101,301,HENDERSONVILLE_SITE,182,181,PK,S,MK9LIT,URGENT,APPROVED,2025-08-22,LPN-0000030
SO-0000151,12103,DEL-000104,ITEM-00032,STAGED,1Z357660215810075,FedEx,201,103,FRANKLIN_SITE,179,179,BX,B,FD8KEO,LOW,REJECTED,2025-09-30,LPN-0000144
SO-0000114,12053,DEL-000054,ITEM-00270,STAGED,1Z544965541847866,DHL,201,103,MEMPHIS_DC,109,107,BX,B,NKOFW8,STD,REJECTED,2025-09-14,LPN-0000015
SO-0000108,12080,DEL-000081,ITEM-00290,IN_TRANSIT,1Z282148069158152,UPS,103,102,NASHVILLE_DC,63,63,BX,R,8LEIJZ,LOW,IN PROCESS,2025-10-02,LPN-0000181
SO-0000120,12097,DEL-000098,ITEM-00022,IN_TRANSIT,1Z268589999904263,XPO,103,101,FRANKLIN_SITE,84,85,CT,S,F4IRKV,STD,IN PROCESS,2025-07-13,LPN-0000007
SO-0000032,12216,DEL-000217,ITEM-00262,STAGED,1Z710788784580008,DHL,102,103,NASHVILLE_DC,26,24,BX,R,77AXQG,STD,APPROVED,2025-07-28,LPN-0000203
SO-0000083,12044,DEL-000045,ITEM-00204,STAGED,1Z903125111929025,UPS,103,102,MEMPHIS_DC,72,70,PK,R,VAJ85X,STD,REJECTED,2025-07-26,LPN-0000241
SO-0000136,12145,DEL-000146,ITEM-00058,OP,1Z623482911044949,DHL,102,102,HENDERSONVILLE_SITE,108,108,PK,B,334HIK,URGENT,APPROVED,2025-08-05,LPN-0000186
SO-0000044,12147,DEL-000148,ITEM-00054,CL,1Z707336359483103,USPS,101,101,HENDERSONVILLE_SITE,74,73,EA,B,RKF5SC,URGENT,IN PROCESS,2025-08-18,LPN-0000031
SO-0000128,12107,DEL-000108,ITEM-00040,IN_TRANSIT,1Z364324087347012,UPS,301,103,FRANKLIN_SITE,99,98,BX,R,CT86VY,STD,REJECTED,2025-08-27,LPN-0000212
SO-0000038,12115,DEL-000116,ITEM-00178,CL,1Z854677788294636,XPO,201,101,KNOXVILLE_SITE,149,147,CT,B,SC7I6Q,URGENT,APPROVED,2025-08-02,LPN-0000193
SO-0000024,12028,DEL-000029,ITEM-00197,STAGED,,XPO,201,102,MEMPHIS_DC,63,61,CT,B,6THI9G,STD,REJECTED,2025-09-01,LPN-0000142
SO-0000042,12177,DEL-000178,ITEM-00278,OP,1Z746274110038452,USPS,201,101,HENDERSONVILLE_SITE,33,32,BX,S,RRI73H,URGENT,IN PROCESS,2025-06-23,LPN-0000085
SO-0000116,12161,DEL-000162,ITEM-00245,STAGED,1Z111725195012451,XPO,103,201,HENDERSONVILLE_SITE,194,193,BX,B,IF44OA,STD,IN PROCESS,2025-09-16,LPN-0000053
SO-0000118,12093,DEL-000094,ITEM-00139,STAGED,1Z856932341879914,XPO,102,102,MEMPHIS_DC,34,32,EA,B,DR0O5C,URGENT,APPROVED,2025-08-28,LPN-0000028
SO-0000105,12083,DEL-000084,ITEM-00238,STAGED,1Z181558205217058,FedEx,102,102,KNOXVILLE_SITE,61,60,BX,B,GNZBYU,URGENT,REJECTED,2025-09-27,LPN-0000239
SO-0000138,12169,DEL-000170,ITEM-00166,CL,1Z972610517873484,UPS,301,201,FRANKLIN_SITE,86,85,EA,B,TVS1X3,LOW,APPROVED,2025-09-02,LPN-0000062
SO-0000086,12084,DEL-000085,ITEM-00123,OP,1Z557851816216020,USPS,301,101,KNOXVILLE_SITE,141,140,EA,R,407SQQ,LOW,APPROVED,2025-06-22,LPN-0000096
SO-0000136,12165,DEL-000166,ITEM-00127,STAGED,1Z605965703465534,XPO,103,201,MEMPHIS_DC,5,3,CT,R,334HIK,URGENT,APPROVED,2025-08-05,LPN-0000002
SO-0000041,12137,DEL-000138,ITEM-00088,IN_TRANSIT,1Z452464646634228,UPS,101,102,FRANKLIN_SITE,153,153,BX,B,0L4DBZ,LOW,IN PROCESS,2025-07-12,LPN-0000230
SO-0000026,12025,DEL-000026,ITEM-00247,STAGED,1Z507993305090205,USPS,101,201,FRANKLIN_SITE,26,26,CT,S,9LGY9M,URGENT,APPROVED,2025-09-28,LPN-0000107
SO-0000020,12064,DEL-000065,ITEM-00189,STAGED,1Z213055583280028,FedEx,201,102,NASHVILLE_DC,138,138,EA,R,BVCZQD,LOW,IN PROCESS,2025-08-22,LPN-0000197
SO-0000072,12066,DEL-000067,ITEM-00076,CL,1Z512995663308681,DHL,201,102,KNOXVILLE_SITE,126,124,CT,S,4QXK7L,LOW,IN PROCESS,2025-08-29,LPN-0000241
SO-0000035,12166,DEL-000167,ITEM-00124,IN_TRANSIT,,UPS,102,101,MEMPHIS_DC,16,17,PK,R,NI1LM8,LOW,REJECTED,2025-10-03,LPN-0000189
SO-0000064,12199,DEL-000200,ITEM-00044,STAGED,1Z853710349083933,UPS,101,101,KNOXVILLE_SITE,126,124,PK,B,C5SPCA,LOW,APPROVED,2025-10-14,LPN-0000056
SO-0000015,12171,DEL-000172,ITEM-00198,OP,,FedEx,103,102,NASHVILLE_DC,196,197,CT,B,W5QHTE,LOW,APPROVED,2025-08-14,LPN-0000025
SO-0000124,12076,DEL-000077,ITEM-00185,STAGED,1Z652106689793403,FedEx,103,101,FRANKLIN_SITE,90,91,EA,R,ZNOX7W,STD,APPROVED,2025-08-04,LPN-0000101
SO-0000040,12207,DEL-000208,ITEM-00202,STAGED,1Z797384293633849,FedEx,102,301,NASHVILLE_DC,175,175,CT,S,AY6NS6,LOW,IN PROCESS,2025-07-29,LPN-0000212
SO-0000007,12086,DEL-000087,ITEM-00242,STAGED,1Z227055623896551,XPO,103,102,FRANKLIN_SITE,58,58,CT,S,XQ9Q86,URGENT,REJECTED,2025-07-11,LPN-0000049
SO-0000095,12158,DEL-000159,ITEM-00290,IN_TRANSIT,1Z815766789977031,USPS,103,103,FRANKLIN_SITE,47,45,BX,S,MKP4VQ,LOW,REJECTED,2025-08-04,LPN-0000065
SO-0000084,12205,DEL-000206,ITEM-00141,CL,1Z768384282066558,XPO,103,102,KNOXVILLE_SITE,140,141,EA,B,FN9LTU,URGENT,REJECTED,2025-09-01,LPN-0000139
SO-0000133,12094,DEL-000095,ITEM-00016,STAGED,1Z513336069077076,USPS,102,301,KNOXVILLE_SITE,152,150,BX,R,NDSP08,LOW,REJECTED,2025-09-16,LPN-0000129
SO-0000072,12019,DEL-000020,ITEM-00107,STAGED,1Z508870419999138,XPO,301,102,KNOXVILLE_SITE,25,26,BX,B,4QXK7L,LOW,IN PROCESS,2025-08-29,LPN-0000136
SO-0000096,12219,DEL-000220,ITEM-00082,IN_TRANSIT,1Z324360313490312,XPO,301,201,FRANKLIN_SITE,183,184,CT,B,4VUZ7F,LOW,APPROVED,2025-09-22,LPN-0000157
SO-0000019,12036,DEL-000037,ITEM-00259,IN_TRANSIT,1Z808502286694488,UPS,201,102,KNOXVILLE_SITE,113,112,EA,R,QNZCLL,LOW,APPROVED,2025-07-15,LPN-0000214
SO-0000070,12082,DEL-000083,ITEM-00128,IN_TRANSIT,1Z640056393811027,USPS,301,102,FRANKLIN_SITE,114,113,EA,R,47UK0X,URGENT,APPROVED,2025-07-15,LPN-0000197
SO-0000029,12085,DEL-000086,ITEM-00254,CL,,UPS,103,201,FRANKLIN_SITE,199,200,EA,B,RFI4XL,STD,IN PROCESS,2025-07-28,LPN-0000143
SO-0000147,12103,DEL-000104,ITEM-00034,STAGED,1Z357660215810075,FedEx,201,103,FRANKLIN_SITE,51,52,EA,S,RZDB7O,LOW,APPROVED,2025-07-05,LPN-0000117
SO-0000046,12085,DEL-000086,ITEM-00240,CL,,UPS,103,201,FRANKLIN_SITE,69,67,BX,R,UKYR73,LOW,IN PROCESS,2025-07-22,LPN-0000087
SO-0000067,12134,DEL-000135,ITEM-00231,OP,1Z506355110526343,FedEx,102,201,NASHVILLE_DC,154,154,PK,R,SBMVXU,URGENT,APPROVED,2025-08-09,LPN-0000238
SO-0000078,12178,DEL-000179,ITEM-00178,STAGED,1Z432976435481987,FedEx,201,201,KNOXVILLE_SITE,168,167,CT,S,IBBHNX,STD,APPROVED,2025-08-02,LPN-0000161
SO-0000138,12025,DEL-000026,ITEM-00242,STAGED,1Z507993305090205,USPS,101,201,FRANKLIN_SITE,105,104,EA,R,TVS1X3,LOW,APPROVED,2025-09-02,LPN-0000132
SO-0000065,12051,DEL-000052,ITEM-00014,OP,1Z803784164840089,USPS,201,103,KNOXVILLE_SITE,35,35,EA,B,ITL1UO,STD,IN PROCESS,2025-09-06,LPN-0000015
SO-0000101,12224,DEL-000225,ITEM-00129,STAGED,1Z533183295133745,FedEx,201,301,HENDERSONVILLE_SITE,31,31,BX,B,CPFJW9,LOW,APPROVED,2025-07-21,LPN-0000070
SO-0000145,12175,DEL-000176,ITEM-00176,STAGED,1Z842786044560885,FedEx,102,102,KNOXVILLE_SITE,101,100,PK,S,XO2QKU,LOW,APPROVED,2025-10-16,LPN-0000006
SO-0000036,12179,DEL-000180,ITEM-00269,IN_TRANSIT,1Z963860472133116,USPS,201,301,FRANKLIN_SITE,186,185,EA,B,3OLQG6,STD,REJECTED,2025-08-06,LPN-0000191
SO-0000011,12088,DEL-000089,ITEM-00152,CL,1Z166980306558880,XPO,301,102,MEMPHIS_DC,136,137,BX,B,BOGUCF,URGENT,APPROVED,2025-06-23,LPN-0000092
SO-0000108,12092,DEL-000093,ITEM-00018,STAGED,1Z265340061711360,XPO,102,301,KNOXVILLE_SITE,105,106,EA,R,8LEIJZ,LOW,IN PROCESS,2025-10-02,LPN-0000003
SO-0000031,12224,DEL-000225,ITEM-00046,STAGED,1Z533183295133745,FedEx,201,301,HENDERSONVILLE_SITE,18,18,CT,S,AJCIC1,URGENT,APPROVED,2025-09-13,LPN-0000249
SO-0000021,12132,DEL-000133,ITEM-00122,STAGED,1Z408553176735830,FedEx,301,101,HENDERSONVILLE_SITE,28,29,EA,R,DXPL56,LOW,APPROVED,2025-09-01,LPN-0000065
SO-0000034,12057,DEL-000058,ITEM-00194,OP,1Z452587245076179,USPS,103,103,NASHVILLE_DC,48,46,CT,S,2NIX4D,URGENT,APPROVED,2025-08-05,LPN-0000115
SO-0000067,12184,DEL-000185,ITEM-00054,STAGED,1Z424717703468880,FedEx,103,301,MEMPHIS_DC,64,64,CT,R,SBMVXU,URGENT,APPROVED,2025-08-09,LPN-0000037
SO-0000056,12216,DEL-000217,ITEM-00029,STAGED,1Z710788784580008,DHL,102,103,NASHVILLE_DC,56,56,PK,R,CI0DL4,LOW,APPROVED,2025-08-16,LPN-0000097
SO-0000134,12206,DEL-000207,ITEM-00235,STAGED,1Z786532903248752,FedEx,102,301,MEMPHIS_DC,190,191,CT,B,MV7M43,STD,APPROVED,2025-10-09,LPN-0000202
SO-0000013,12212,DEL-000213,ITEM-00172,OP,1Z326937583941595,DHL,301,102,KNOXVILLE_SITE,11,12,CT,R,GLQ8N3,STD,IN PROCESS,2025-07-29,LPN-0000017
SO-0000029,12128,DEL-000129,ITEM-00034,IN_TRANSIT,1Z481757399303797,XPO,301,102,HENDERSONVILLE_SITE,44,44,CT,S,RFI4XL,STD,IN PROCESS,2025-07-28,LPN-0000235
SO-0000085,12018,DEL-000019,ITEM-00138,OP,,UPS,102,101,HENDERSONVILLE_SITE,39,39,PK,S,EQ0TR0,URGENT,REJECTED,2025-09-17,LPN-0000076
SO-0000123,12052,DEL-000053,ITEM-00293,IN_TRANSIT,1Z567692741154444,FedEx,201,201,KNOXVILLE_SITE,170,168,CT,S,7V5AIV,URGENT,REJECTED,2025-10-06,LPN-0000201
SO-0000065,12220,DEL-000221,ITEM-00186,IN_TRANSIT,,XPO,102,201,FRANKLIN_SITE,47,47,EA,R,ITL1UO,STD,IN PROCESS,2025-09-06,LPN-0000032
SO-0000138,12164,DEL-000165,ITEM-00284,STAGED,,USPS,201,201,HENDERSONVILLE_SITE,120,120,PK,S,TVS1X3,LOW,APPROVED,2025-09-02,LPN-0000189
SO-0000028,12142,DEL-000143,ITEM-00142,OP,1Z145026970430079,USPS,301,101,HENDERSONVILLE_SITE,87,85,CT,S,ZEVQHG,LOW,REJECTED,2025-10-14,LPN-0000150
SO-0000042,12131,DEL-000132,ITEM-00066,IN_TRANSIT,1Z767789304176142,DHL,301,201,NASHVILLE_DC,8,7,EA,S,RRI73H,URGENT,IN PROCESS,2025-06-23,LPN-0000148
