lpn_number,delivery_number,serials_csv,serial_count,asset_tags,requested_by_user_id,creation_date
LPN-0000001,DEL-000032,"SNDRRIOC32,SNG3GN2CX8",2,"AST-18XE5B,AST-PDHF8J",BOVI73,2025-10-18
LPN-0000001,DEL-000118,"SN4UJM2WFP,SNG7N33U2D,SNHM2NXFH8,SNIW775D1H",4,"AST-2AH72U,AST-DNMCNG,AST-F30X40,AST-KCI81P",BOVI73,2025-09-10
LPN-0000002,DEL-000065,"SNFQ6ALV7I,SNLTYYBIJ8,SNZ5Q372D1",3,"AST-38X95Y,AST-776GJS,AST-V4PALH",O0H81X,2025-09-16
LPN-0000002,DEL-000143,"SNCV0TF0GQ,SNG2A2TCZX,SNIA6DFZAO",3,"AST-J9C21X,AST-SEBFEE,AST-UEKM2F",O0H81X,2025-09-05
LPN-0000002,DEL-000166,"SN80ZA7TQS,SNIPT7HSVT,SNQ36QYXVL",3,"AST-3X66S8,AST-560G73,AST-Y2I6Z9",O0H81X,2025-09-18
LPN-0000003,DEL-000093,"SN0JSWKAHF,SNBNOF6JY4,SNQ5NWOQ76,SNXHNG7Y9K,SNY18N3FXG",5,"AST-0ZBA1R,AST-48T6LI,AST-JPM66C,AST-K6PWBA,AST-MBU4CJ",TG8PJM,2025-10-18
LPN-0000003,DEL-000204,"SN7E4WVR1X,SNOMKS20N9",2,"AST-AP12C1,AST-XGJTZ2",TG8PJM,2025-10-08
LPN-0000004,DEL-000014,SNW7PS4ODE,1,AST-9ZLX7K,L8FY9J,2025-07-21
LPN-0000004,DEL-000034,SN4PTFS3A5,1,AST-MJTEW1,L8FY9J,2025-09-12
LPN-0000004,DEL-000121,"SN17UATTFA,SN4PRHXITA,SNEYGSUJ72,SNM4CRU6PW,SNOUB3RMDN",5,"AST-1LMBHJ,AST-1RWVWL,AST-93MX9M,AST-A471I6,AST-ZXMXCD",L8FY9J,2025-10-12
LPN-0000004,DEL-000125,"SN6KA7LP6N,SNU9TYNHBB",2,"AST-F75PLI,AST-W29LTC",L8FY9J,2025-09-28
LPN-0000005,DEL-000187,"SN4WMCKFAV,SN9OK9VDCE,SNCT07O826,SNMTUPUYCN,SNTO47SG96",5,"AST-K9XRBF,AST-OKN9Q1,AST-P89T2F,AST-RRL70I,AST-X5RZSG",4DCWXB,2025-08-08
LPN-0000006,DEL-000176,"SN8MXUC2BB,SNAEUFYI13,SNANSRGNKY,SNHXMOFAJ1,SNMVS8QXVG",5,"AST-69DRTX,AST-E3DPKD,AST-JJN1KG,AST-MU32SL,AST-TKDR08",LQXZ2N,2025-10-13
LPN-0000006,DEL-000210,"SN5992K8N1,SN5CQF64KQ,SNHKJAFCJ0,SNPDI6QHP4",4,"AST-E3XN7Y,AST-J2VO6K,AST-P93VUA,AST-QUM9JO",LQXZ2N,2025-10-13
LPN-0000007,DEL-000042,"SNAPG7OH4Y,SNQY2QLWFV",2,"AST-HKCI5Z,AST-R5YZKG",OYDAPL,2025-10-12
LPN-0000007,DEL-000098,"SN1K4KYJTN,SN6FWB7CNU,SNAURHS5WA,SNE9SJ3B2H,SNQFADT59Z",5,"AST-658CTT,AST-760GRA,AST-KIQCS4,AST-OPJ33R,AST-R8951R",OYDAPL,2025-09-16
LPN-0000007,DEL-000199,"SN4ABRBXKI,SN4XPC7871,SN9JMVGWUT,SNYKHELQUK",4,"AST-NIOHDQ,AST-SQFUTQ,AST-YVN90H,AST-ZSJRYE",OYDAPL,2025-09-06
LPN-0000009,DEL-000065,"SN4LF902EI,SNDLC3R921,SNVJ0QPJZ6,SNX8AN9N9G,SNYGTF80ZV",5,"AST-600Y20,AST-7UXBYA,AST-BQPJ5V,AST-U8D6S3,AST-VZXP6J",W5IFFJ,2025-09-02
LPN-0000009,DEL-000140,SNT0Y64JMV,1,AST-KXV8OB,W5IFFJ,2025-08-06
LPN-0000011,DEL-000128,"SNOCYMF3YT,SNS7ORWHWM,SNSK5PW9UI,SNVO7DU11D",4,"AST-05FP0A,AST-95BVBB,AST-W0815R,AST-X5VCSB",Y5MN9Z,2025-10-15
LPN-0000012,DEL-000154,"SNEGBFEKR6,SNOSX4DTTN",2,"AST-2ZA427,AST-LHCUHY",BMGKX6,2025-08-15
LPN-0000013,DEL-000043,"SNGE6C49DV,SNJ6EN04KQ,SNQ0PQHTHS",3,"AST-7MOTJ8,AST-HRG5ZF,AST-SBJJDF",VK2Q3S,2025-09-27
LPN-0000015,DEL-000004,"SNCGGS6ZDP,SNI6I4GOSE,SNIM7FH8HI",3,"AST-834LH5,AST-ICHH4B,AST-XGGNA4",QVUQU3,2025-10-06
LPN-0000015,DEL-000052,"SNV59SLF7T,SNXIIXFA7J",2,"AST-M5HEFI,AST-UY3Y5T",QVUQU3,2025-10-04
LPN-0000015,DEL-000054,"SN42XYKLFW,SN6UP19IZR,SNH6SVFEGF",3,"AST-F0SEK0,AST-TI5G5D,AST-YPQGHY",QVUQU3,2025-10-04
LPN-0000015,DEL-000067,SNZ8U1812N,1,AST-U4JM96,QVUQU3,2025-10-04
LPN-0000015,DEL-000205,"SN0FXWS929,SNQD61IAIR",2,"AST-E46TRE,AST-K7VTQZ",QVUQU3,2025-10-04
LPN-0000015,DEL-000223,"SN2LLEF4IC,SNG6F5IZUT,SNIMRXT6VH,SNNPM14IJL,SNZLL92YUX",5,"AST-F97INO,AST-VWHPJS,AST-W7OT3M,AST-WLC5D7,AST-YYCA3B",QVUQU3,2025-10-04
LPN-0000016,DEL-000155,"SN3025TA2E,SNJ2C2GE7R,SNT6F6MMSE",3,"AST-2FUED6,AST-QE8JGN,AST-Z140DE",TDTGWP,2025-10-10
LPN-0000016,DEL-000164,"SN2SATJ9N7,SNIBW4UPHS,SNJY8F7GE3,SNPU7KNZ69",4,"AST-7T6J62,AST-9E6RZZ,AST-KQUV0T,AST-X9ID6S",TDTGWP,2025-09-18
LPN-0000016,DEL-000170,"SNH64FZ20P,SNJQGC9M26,SNRULH3HTM,SNZJWK3DU2",4,"AST-EH47L3,AST-GFV92A,AST-QYDDJI,AST-V46UZL",TDTGWP,2025-09-03
LPN-0000017,DEL-000213,"SN9AEVD6ZC,SNA6YMSEBY,SND115CGOU,SNDQSLHRF9,SNR5SB9K8F",5,"AST-0ZBQUV,AST-3540NA,AST-AIMUC2,AST-BD85G0,AST-KHJ9OR",J23XU3,2025-10-01
LPN-0000018,DEL-000077,"SNFQRN09M2,SNLJRACPJG,SNVIXX6Z0H",3,"AST-224KKT,AST-CM5NQR,AST-LJJPRV",1GH2HA,2025-09-21
LPN-0000018,DEL-000171,"SN12DLN6ZR,SNUSR9ZJZO",2,"AST-FQG89W,AST-LXSK9K",1GH2HA,2025-09-21
LPN-0000018,DEL-000216,"SN33TH8FR3,SNB6Z0V7YN,SNIV6107MM,SNMF41GIFA,SNZ3R9PW0H",5,"AST-6GXUV5,AST-CYZL44,AST-FKZZIR,AST-G6WISB,AST-PS08QG",1GH2HA,2025-09-21
LPN-0000020,DEL-000147,"SN44KPHZLZ,SNAAZ4PRP0,SNNRXTTJRL,SNYQJCTN18",4,"AST-L3CQYL,AST-LZJIST,AST-NMXF56,AST-VIQ9HT",94Q7NT,2025-10-05
LPN-0000020,DEL-000192,"SN50EBE64P,SN93CDRXRH,SN9XN560HJ",3,"AST-DFE1R1,AST-K4J1XN,AST-UEP97B",94Q7NT,2025-08-27
LPN-0000021,DEL-000166,"SNBWBJLC39,SNIF5UME8M",2,"AST-CQA271,AST-UFE029",H7TOGX,2025-09-18
LPN-0000022,DEL-000006,"SN2P9NONUF,SNG0D7YO6U,SNJQCR20X6,SNUBBFQTCZ,SNXEK8VO3L",5,"AST-BUIXKS,AST-FKZCJE,AST-IQY53F,AST-KCWICP,AST-V447CS",JT1R8Y,2025-09-23
LPN-0000022,DEL-000167,"SN5LWHZEML,SN7KV6HW3G,SN7WJ5SZ99,SNBSL2MBYM,SNH6BVJV46",5,"AST-93UQYH,AST-BNEI4O,AST-L7YQGQ,AST-MUQ6TM,AST-QJJQ02",JT1R8Y,2025-09-23
LPN-0000023,DEL-000072,"SN4I1I26EI,SNEVOTBMY2,SNRIUD39NQ,SNSR8TC7UI,SNT434PTP2",5,"AST-80L5YD,AST-EOXN5R,AST-HFY29G,AST-SU9UNT,AST-T7ZMO0",K4MQVO,2025-07-24
LPN-0000023,DEL-000135,SN9WPUXJ3C,1,AST-PVPV10,K4MQVO,2025-08-29
LPN-0000025,DEL-000052,SNJ9VF3TA6,1,AST-CXMM1E,YVBUOI,2025-08-20
LPN-0000025,DEL-000081,"SN6U99EJ46,SNZIES803O",2,"AST-5QRSCQ,AST-734PFL",YVBUOI,2025-08-13
LPN-0000025,DEL-000172,"SNANL7CIFB,SNGE7P7XOG,SNVSW9H0LL,SNX24B30KY",4,"AST-18FPEI,AST-LZJH9C,AST-N2JYKY,AST-O80CNG",YVBUOI,2025-09-02
LPN-0000025,DEL-000209,"SN00ECLF0Z,SNAPADD2G5",2,"AST-2FVCLG,AST-JBKNCT",YVBUOI,2025-08-13
LPN-0000026,DEL-000036,SN3T9ADDM6,1,AST-9C9FIW,Z42EWB,2025-07-11
LPN-0000027,DEL-000024,"SNCDCHSFGE,SNCRACURVB,SNM5J9JYHN,SNSK839I5K",4,"AST-3ZRZ07,AST-4KP27D,AST-BRXPLH,AST-US6HJV",ILERVK,2025-08-13
LPN-0000027,DEL-000054,SNEL448DIM,1,AST-N00V6N,ILERVK,2025-09-13
LPN-0000028,DEL-000021,"SN9QUGEQ7D,SNJBVAE2K9,SNL5MUK44U,SNNMU626YX",4,"AST-84AS2F,AST-BPLLKN,AST-HB0I9I,AST-Q930PI",VJN99C,2025-08-19
LPN-0000028,DEL-000094,SNDZ4BY4VI,1,AST-9AC2LD,VJN99C,2025-08-26
LPN-0000029,DEL-000038,"SNEVNJNELB,SNJ6BKSQQL",2,"AST-J16Z5T,AST-OF492Z",OS7J9D,2025-10-07
LPN-0000029,DEL-000151,SNKDPCVSPO,1,AST-DV0Z3C,OS7J9D,2025-10-07
LPN-0000030,DEL-000102,"SN64OWZBWZ,SN6B2W5DTO,SNI548SXVB,SNQ0ZLEXSO",4,"AST-19NZUS,AST-9WRIEQ,AST-CE705D,AST-TT2L84",6TMWLQ,2025-08-16
LPN-0000031,DEL-000079,"SN9FEZUUPB,SN9L52ATS4,SNPOVS7LTG,SNWG9BEOBK",4,"AST-81TP7K,AST-B1E0WF,AST-HLND80,AST-KB5ZVT",78RY2F,2025-10-16
LPN-0000031,DEL-000095,"SN9BYJ8SWC,SNBNB29HAT,SNN35PKESB,SNPILCJ3GK,SNUI57Z3WM",5,"AST-6PKLUS,AST-BEJSTA,AST-L4N7MC,AST-RGP39W,AST-V9ASLF",78RY2F,2025-10-18
LPN-0000031,DEL-000108,"SN11URYWOV,SNIRZ16591,SNKSMFBK8B,SNTROYNNCP",4,"AST-1HKFSO,AST-52Y54Z,AST-N44NNM,AST-TJLK4L",78RY2F,2025-10-16
LPN-0000031,DEL-000148,"SN0KFERWLL,SN4NWQ0NQQ,SN7HPHG0D1,SNCJ46OYBE",4,"AST-1F07HA,AST-6WCEUX,AST-GYX7RT,AST-IJM527",78RY2F,2025-10-16
LPN-0000032,DEL-000221,SN3QMJFXW0,1,AST-E7M5GJ,XRYTC9,2025-10-15
LPN-0000033,DEL-000163,"SN80YLX1AL,SNHBCCHMO9,SNM6O74WJL,SNO5SUI11T",4,"AST-6EOZ9E,AST-AB7BRH,AST-OU4KD6,AST-UNXR3E",1ZG4GL,2025-09-29
LPN-0000033,DEL-000198,SN7ULIV6KW,1,AST-CLM0CZ,1ZG4GL,2025-10-16
LPN-0000033,DEL-000209,SNEY08ULZ5,1,AST-3PFOQT,1ZG4GL,2025-08-12
LPN-0000034,DEL-000008,"SNE1R8SXK7,SNE6JWT61L,SNM5DGHZNF,SNUGGIFV0F",4,"AST-DNJX6F,AST-EMF7LT,AST-KSI4SI,AST-T4QSKD",CISP7F,2025-08-29
LPN-0000035,DEL-000157,"SN1ML7HZCB,SN4BTDD6HZ,SN8XGYR59S,SNAQWFFCTA,SNU1KXMODY",5,"AST-2V7ZH9,AST-532KSW,AST-9OAY2J,AST-B6QP5Q,AST-YJIAYS",329ULX,2025-08-14
LPN-0000037,DEL-000185,"SNF32TOAM1,SNK5JWHSS8,SNVODEBN7L",3,"AST-3CADOH,AST-V8IZJ7,AST-ZN5A40",XT94DE,2025-09-18
LPN-0000038,DEL-000221,"SNNLUIQHOS,SNO1BYIHA5,SNWZ0NF1P0,SNY3YH1M2C",4,"AST-0ETNDQ,AST-2K7X08,AST-RZ0LZ1,AST-VMK8J8",U6EOTF,2025-09-08
LPN-0000039,DEL-000152,SN068JW3G3,1,AST-DO8HOV,KXO0BU,2025-09-27
LPN-0000039,DEL-000199,"SN8ADO1PW9,SNCVUZI7HG",2,"AST-86TU9S,AST-90EZ59",KXO0BU,2025-09-06
LPN-0000039,DEL-000211,"SN3AYYFWOC,SN82XT5PQJ,SNIUUO3VT3,SNUHQYK7UD",4,"AST-3SY0T0,AST-G71SI6,AST-KZGW8X,AST-S4Q59D",KXO0BU,2025-09-15
LPN-0000040,DEL-000100,"SNUZKK1VSE,SNXTAQ11A7",2,"AST-FDB3X0,AST-V4YT6J",P5KJ0A,2025-09-10
LPN-0000041,DEL-000202,"SNAX3WSB6Q,SNGUZ3D6TS,SNKS4ZB84P,SNPS9CBCR2,SNV8621HAD",5,"AST-GD5N8V,AST-IF762O,AST-RKKYCU,AST-U5XQSE,AST-ZA4V1M",I4DIXJ,2025-09-10
LPN-0000041,DEL-000213,"SN3L2TLM1Q,SNKUHEUSUF",2,"AST-OFN14Q,AST-TCYXOE",I4DIXJ,2025-09-10
LPN-0000042,DEL-000042,"SN5PNHNWIN,SNQ9WDHSAF",2,"AST-LRF7UY,AST-P7867V",CUCVCE,2025-10-12
LPN-0000042,DEL-000056,"SN4XS4VQEZ,SNIJ7VJ3ME,SNP5GB4VG1,SNPL6S51BQ",4,"AST-31NVP2,AST-5839R2,AST-MVF1EX,AST-S8IBNI",CUCVCE,2025-09-28
LPN-0000042,DEL-000074,SN8W5214LW,1,AST-RFLZ3P,CUCVCE,2025-09-13
LPN-0000042,DEL-000174,"SN136PSA4C,SN1J5R2RDM,SNA1I424ZL,SNCM4SSGQ3,SNLQO39NJM",5,"AST-3VKZZ2,AST-5BIFNT,AST-N32KGV,AST-NUIXQU,AST-QQNWM9",CUCVCE,2025-10-16
LPN-0000042,DEL-000209,"SN38YDYL4V,SNEIXCYUXH,SNPKPUSNNZ",3,"AST-01ZLKR,AST-JAMSKI,AST-JDRU6L",CUCVCE,2025-09-08
LPN-0000043,DEL-000173,SNDUM4AW3S,1,AST-GC12BH,AE45F5,2025-09-01
LPN-0000044,DEL-000152,"SNFYY6M58O,SNSHFC4X2G",2,"AST-B5RZ4L,AST-QQ2QCK",WCEUVK,2025-10-15
LPN-0000044,DEL-000171,"SN68Q5X8RF,SNZUVT84GF",2,"AST-1K3CQ4,AST-SVIDGU",WCEUVK,2025-10-15
LPN-0000048,DEL-000178,"SNF0QQ9MPX,SNGJLQ7S9D,SNM64GE4TB",3,"AST-5MIFDU,AST-EF5HWY,AST-VGB2U3",V4YXIU,2025-08-17
LPN-0000049,DEL-000087,SNAF9FNSTN,1,AST-85KXXT,LG7NAI,2025-10-07
LPN-0000050,DEL-000135,"SN0NAGEL8D,SNI88NEOEK",2,"AST-8LFF5X,AST-FTDYEH",O3260T,2025-09-16
LPN-0000050,DEL-000176,"SN8GK6LO3C,SN8Y9JBGFX,SNANFZJQ1U,SNFIX6TF0B,SNGYS3ZYV0",5,"AST-3E7DSB,AST-8PO5SF,AST-K95NCV,AST-O3VBCL,AST-T8Y6E9",O3260T,2025-08-01
LPN-0000051,DEL-000061,"SN1WT5HJQC,SNLFMXGTJL,SNLGN9MRQJ,SNRTTI6HH9",4,"AST-82OBCZ,AST-EUK3QN,AST-LRK7I0,AST-VGDRBO",BF64ZG,2025-08-31
LPN-0000053,DEL-000026,SN8O2EZ8GG,1,AST-HS2486,MEZ4E3,2025-09-15
LPN-0000053,DEL-000151,"SN7Z2UJD0N,SNSINHCOU2,SNWED134O8,SNZWBHTRVZ",4,"AST-147ILN,AST-9QKWTJ,AST-FM2S6V,AST-S3LK63",MEZ4E3,2025-10-15
LPN-0000053,DEL-000162,"SNBDRR4HO7,SNP8VTI76J,SNQK1QJB6M",3,"AST-907IIG,AST-GLP62U,AST-VGEKNJ",MEZ4E3,2025-07-17
LPN-0000054,DEL-000122,"SN9SIUX1H1,SNDARIZBIZ,SNKZHS1C80,SNPP9RWLZD,SNTLHD8M7M",5,"AST-E1M4S8,AST-H8H26C,AST-KVS08D,AST-OC2PTM,AST-YJVN1N",H6R2WP,2025-08-28
LPN-0000054,DEL-000125,"SNCDH7UGWL,SNF9M590JE,SNYAN0LMR1",3,"AST-17CMGN,AST-4K8ITV,AST-BK501W",H6R2WP,2025-09-28
LPN-0000056,DEL-000001,"SNR6E75CPT,SNZ7HSZWK3",2,"AST-6JFR3X,AST-MT9BGL",V8AUP7,2025-09-26
LPN-0000056,DEL-000177,"SNRO6GJYQQ,SNXAFNBIXR",2,"AST-GNSAE1,AST-Z8TND2",V8AUP7,2025-10-09
LPN-0000056,DEL-000200,"SNFHHRE6SR,SNN3TQP3QN,SNWZICR3P6",3,"AST-57J5CB,AST-RK0MDE,AST-Y5UXH8",V8AUP7,2025-09-22
LPN-0000056,DEL-000218,SNZL24WC92,1,AST-WZS4O3,V8AUP7,2025-09-24
LPN-0000057,DEL-000014,"SN3CSMX84E,SNXVRKYRR4,SNY1NZBX60",3,"AST-KNLPCU,AST-SKFN87,AST-W2QOJA",9RQ94A,2025-09-11
LPN-0000057,DEL-000018,SNHNJW838L,1,AST-YO773G,9RQ94A,2025-09-11
LPN-0000059,DEL-000059,"SNPLE29MBJ,SNUIAL4730",2,"AST-21QSJ3,AST-W7WDNV",UQ57Q4,2025-10-03
LPN-0000059,DEL-000061,"SN27V9XHH9,SN3LP149BF,SNNY40BX7P,SNWANMUKLT",4,"AST-4WAWZG,AST-87GK9H,AST-QMAEL7,AST-WIB5WF",UQ57Q4,2025-10-03
LPN-0000059,DEL-000185,"SNCQO745P0,SNE6PLVLOS,SNMU14124G,SNQ8TMOQB3,SNYWSZOI8E",5,"AST-3DPELT,AST-ATONEC,AST-BGJ5HU,AST-EXFMJ4,AST-NYL0M2",UQ57Q4,2025-10-03
LPN-0000059,DEL-000189,"SN1GSXLNHL,SN3DQLU6B5,SNH1LHMOQ4,SNRGT5I050,SNWFYHBZ4H",5,"AST-ON4GDG,AST-P349KE,AST-RWX19T,AST-X2MUZE,AST-YAT095",UQ57Q4,2025-10-03
LPN-0000059,DEL-000225,"SN541QW6DZ,SNPPKXWM8N,SNPVSD0C8E,SNUSQY9NOE,SNYG8C6Z16",5,"AST-0K2OHF,AST-EVHKJX,AST-R6HG9I,AST-WOX50E,AST-XSIIS8",UQ57Q4,2025-10-03
LPN-0000060,DEL-000001,SNC981M34W,1,AST-IT45C7,5QYPLQ,2025-09-26
LPN-0000061,DEL-000050,"SN0J2TRU4E,SN9UAID5DA,SNNYSK67BN,SNTTWR4IA1",4,"AST-7OP71N,AST-AC1BQ4,AST-UN7WXE,AST-Z6S931",H877H5,2025-09-13
LPN-0000062,DEL-000143,"SN0V0H9JRF,SN4QOZZ2V7,SNHPWCKS79,SNZLNTMSET",4,"AST-2ID4EL,AST-86M3Q0,AST-N0C5AZ,AST-TYHX44",2ER4NR,2025-10-05
LPN-0000062,DEL-000170,"SNE84OSDMK,SNJFW8BOVY,SNTZ3VV4WD,SNY42Y4FB2,SNZIOUJ4HA",5,"AST-AH3S0F,AST-E7HO99,AST-F4ZW1C,AST-HVSHP6,AST-WCK6R8",2ER4NR,2025-09-03
LPN-0000062,DEL-000186,"SNADQ797RM,SNFIBYUV4K",2,"AST-1TSCL4,AST-GHIH4T",2ER4NR,2025-09-22
LPN-0000063,DEL-000121,"SN24L0HWSY,SNVK1HNJ2W,SNZLHZS56J",3,"AST-79NP2U,AST-FIO7U3,AST-VQYEZ2",CHEP8B,2025-09-12
LPN-0000063,DEL-000183,"SNEGWA8I03,SNI572XS6H",2,"AST-HHY44W,AST-UEYI6U",CHEP8B,2025-10-18
LPN-0000064,DEL-000179,"SNBBCHP43K,SNL8H5M7WH,SNLW3X98AX,SNMS57SQZN,SNR8F4Y0MY",5,"AST-1HR8A6,AST-2GND5F,AST-I8WXN7,AST-MT1OS9,AST-PA9032",2LL3HM,2025-09-13
LPN-0000065,DEL-000133,"SNEUV44W7Y,SNRJKF40QJ",2,"AST-6AV7OE,AST-7BKGEJ",6HV04S,2025-09-25
LPN-0000065,DEL-000159,"SN4PQ47ITU,SNDGALN6YV,SNGGV8DLPU,SNLF2C8ADS,SNO7F3GGKD",5,"AST-H6XJNZ,AST-Q8OUK2,AST-RR52DW,AST-TDRD84,AST-W957GW",6HV04S,2025-09-25
LPN-0000065,DEL-000209,SNV6BSOXAR,1,AST-WPI8T1,6HV04S,2025-09-25
LPN-0000066,DEL-000003,"SN7P0S5LL4,SNGOJ5AOLA,SNS22ZYNOZ",3,"AST-0S6VJX,AST-563BXO,AST-NF72PN",WCZ0DZ,2025-07-24
LPN-0000066,DEL-000013,SNNXK44GBD,1,AST-6W6ZJA,WCZ0DZ,2025-10-16
LPN-0000066,DEL-000187,SNWZD5NML1,1,AST-DKSCV9,WCZ0DZ,2025-09-03
LPN-0000067,DEL-000139,"SNE3ARC9SC,SNH838JW2J,SNVDIW36YQ",3,"AST-E6SXMU,AST-V4TKXW,AST-VWT8G9",VIUSRZ,2025-08-15
LPN-0000067,DEL-000196,"SN1ITJQS7X,SNWN4FBIOC",2,"AST-B4SGJX,AST-KZ41AC",VIUSRZ,2025-08-20
LPN-0000068,DEL-000115,"SN5UBI9JSB,SNTLX9TKP4",2,"AST-UQ25PZ,AST-XRLICI",MA4KGM,2025-09-17
LPN-0000068,DEL-000162,SN4R2LOKVP,1,AST-4MDB02,MA4KGM,2025-09-04
LPN-0000068,DEL-000166,"SN7D9VXUNF,SNGT9QBL4Q,SNZTLGZVEY",3,"AST-76Y0S1,AST-L4Z807,AST-XK17VD",MA4KGM,2025-09-18
LPN-0000069,DEL-000081,"SN83B4H2H5,SNGAZRIUIB,SNLKY0RHZK,SNMFH7D3A7",4,"AST-2ZOKPK,AST-58V0TK,AST-9LII36,AST-I1ZSRI",ZGRY5X,2025-09-07
LPN-0000069,DEL-000165,SNLLPR4WYD,1,AST-PYWN7N,ZGRY5X,2025-09-07
LPN-0000069,DEL-000179,SN82RXZKCX,1,AST-KDMQBI,ZGRY5X,2025-09-07
LPN-0000070,DEL-000025,"SN3Q08LAYD,SN607KXXBN,SNJK8632H6,SNOXO1H3MH",4,"AST-2QCSOQ,AST-6A9HHJ,AST-STH129,AST-VX4XVF",H48S07,2025-09-06
LPN-0000070,DEL-000225,"SN8ZQ1DOVD,SNAWXW2D3V,SNY0P5ICHZ",3,"AST-90JBN5,AST-KTNZUC,AST-RJ8CG5",H48S07,2025-09-09
LPN-0000071,DEL-000082,"SN6DBP89OY,SNCJKYRVP0,SNUZ5IVBXW",3,"AST-061ZBG,AST-JFCMZ3,AST-M6O1EL",47R15X,2025-08-29
LPN-0000071,DEL-000126,"SNEOYRLAOS,SNEQ3W16AD,SNGVXDEQ3X",3,"AST-2VQ0E6,AST-GB76Z7,AST-TBCCJM",47R15X,2025-08-11
LPN-0000072,DEL-000088,"SN1OBEEZHD,SN9FDWJQJO,SNMZD04WF9,SNONV0FXJ8,SNRQ7XFTP5",5,"AST-E1RD63,AST-K1CX5O,AST-LFH226,AST-OSMV8M,AST-RC2M1S",0XM2O8,2025-10-10
LPN-0000072,DEL-000180,"SN0Q1A7IS4,SN3NL8G5YI,SNM9YXP7GH,SNY32FQW9I",4,"AST-4UVNE3,AST-HIK4W4,AST-JPDDZ5,AST-OEATE5",0XM2O8,2025-10-10
LPN-0000073,DEL-000166,"SN95BOGVCU,SNLPL0O58W,SNP36RRUG8,SNP4EXUODP,SNY73D0GVU",5,"AST-3QTJCV,AST-8ZXWEV,AST-ADMEK7,AST-O06DE9,AST-R76IFX",18RT4V,2025-09-23
LPN-0000074,DEL-000036,"SN1Y1NJLQR,SNB4MOWMB0,SNKW1BYLFU,SNPZJBY08Y,SNXIBSNQJN",5,"AST-A25ZDO,AST-BUULCD,AST-JI7EFM,AST-SZ767G,AST-TXMS9C",NKXTR8,2025-10-07
LPN-0000074,DEL-000055,SNIU19RENP,1,AST-M6UFKV,NKXTR8,2025-10-07
LPN-0000075,DEL-000207,"SN17WPWUS2,SN9HGZM3SH,SNE4AX7V31,SNR5XZ4ON8",4,"AST-D9QZNF,AST-IBCXBK,AST-NUI4VT,AST-WNBEAY",ZC8ZLG,2025-08-20
LPN-0000075,DEL-000216,"SN2LKT5GKQ,SN2NW50KRK,SNAHSY8YMQ,SNJTPPF7OX",4,"AST-5I12RY,AST-B800IR,AST-M8Z8VX,AST-WS12SL",ZC8ZLG,2025-09-21
LPN-0000076,DEL-000013,"SN06WVB0TZ,SNI77JHHSM,SNX0DYTEDU,SNZJM08CC5",4,"AST-1F8KCJ,AST-34CFS4,AST-5RVAZD,AST-WJQRM5",YGFZT4,2025-09-26
LPN-0000076,DEL-000019,SNC8TWFP0R,1,AST-N1OLKX,YGFZT4,2025-09-05
LPN-0000077,DEL-000011,SNAEB0CQV9,1,AST-80VKAJ,24UCEO,2025-10-05
LPN-0000080,DEL-000013,"SN1326BJVC,SN8ZTJUQIA,SNBPVQEET7,SNECE105FB,SNRVVF6LEB",5,"AST-BVF1PW,AST-CQO247,AST-H6E91J,AST-I7QDJP,AST-IHH9I4",XQX14A,2025-09-14
LPN-0000080,DEL-000023,"SN8R4U2XZ8,SNASLAGVU1,SNJVM65LX4",3,"AST-RO6ZWQ,AST-WJFNOD,AST-Y3OEMT",XQX14A,2025-09-14
LPN-0000080,DEL-000155,"SN0XQANYX1,SNNUZ3Y36H,SNSBOD2OUK",3,"AST-8PN8F8,AST-AQDR8H,AST-OQED58",XQX14A,2025-10-10
LPN-0000080,DEL-000198,SNQ23ZNI78,1,AST-C2E1XE,XQX14A,2025-09-15
LPN-0000081,DEL-000009,"SN3527NNBZ,SN4MUQAZOT,SNAP782BFS,SNI5TL4P55,SNSQ19CN3N",5,"AST-2IBLRF,AST-CGM6DQ,AST-KBO9VI,AST-MY0JDW,AST-S96XUQ",YP1H0V,2025-08-20
LPN-0000081,DEL-000068,"SN1107SL6R,SNZ66QPXJT",2,"AST-KR15HC,AST-W33GLJ",YP1H0V,2025-10-12
LPN-0000081,DEL-000076,"SN2M95U0QC,SN2VI8MBK9,SN4K7PM397,SNHKJJP56U",4,"AST-6N0I07,AST-6WVFHX,AST-NXECLZ,AST-YZU224",YP1H0V,2025-09-24
LPN-0000081,DEL-000077,"SNB0MEECLP,SNOK90CAOY",2,"AST-FCQ7I5,AST-W5O9IU",YP1H0V,2025-10-11
LPN-0000081,DEL-000080,"SN4V720857,SNNZEVICNY,SNRN1YCAPJ,SNUWSWLRDT",4,"AST-2JR60L,AST-AI8R4W,AST-GEL0A7,AST-M72C4F",YP1H0V,2025-08-03
LPN-0000081,DEL-000186,"SNEN7RDLN6,SNUBW8M19U",2,"AST-OHGUN6,AST-VZAY02",YP1H0V,2025-08-15
LPN-0000081,DEL-000205,"SN2X00OOZ6,SN4PQOD2AB,SNJ03WE5IF,SNOYLWTG7E",4,"AST-0PJP4G,AST-2TPVRA,AST-HB02K2,AST-QBV4HG",YP1H0V,2025-09-26
LPN-0000081,DEL-000211,"SN5GUKO7P3,SNO29HNNMD,SNUX9JMO0J,SNVYINK5ES",4,"AST-0EXHQU,AST-L2F3LZ,AST-MMFJVD,AST-QN8BIT",YP1H0V,2025-09-06
LPN-0000082,DEL-000105,"SN2AOG4WR8,SN675C2YUS,SNRK1C0RCB",3,"AST-6P8UXW,AST-7G7K34,AST-8H7WMF",20G9EP,2025-10-17
LPN-0000082,DEL-000147,"SN5CROL083,SNETZVASE0",2,"AST-WHDXWU,AST-XEC4EB",20G9EP,2025-10-05
LPN-0000083,DEL-000010,"SNGKZEJ1CX,SNVEQMO56C",2,"AST-DQ7YQZ,AST-OEVF6G",QX5IUE,2025-10-05
LPN-0000083,DEL-000097,"SN44ZN7ROM,SNC9Z2V8RG,SNGX3A3YF3",3,"AST-4UDY3X,AST-8Y8NIU,AST-AZSUW7",QX5IUE,2025-09-11
LPN-0000083,DEL-000201,SNAFQFUGY8,1,AST-ZI6MLH,QX5IUE,2025-10-18
LPN-0000084,DEL-000078,"SNGJXOR1RA,SNSTBNL2MC,SNWYBW7X4Y",3,"AST-4JYHPR,AST-KJ6HFK,AST-ZHHP9M",9Q0G8E,2025-10-02
LPN-0000085,DEL-000008,"SN1EPSE660,SN75MSRGL7,SNJZBVJMIM,SNOMLHFEL5",4,"AST-26V33S,AST-GVM311,AST-RM1KWL,AST-VRM3H2",DHAD0A,2025-08-23
LPN-0000085,DEL-000031,"SNGWBGL9I9,SNOGU3FOY3,SNS9YFI5PY",3,"AST-GVAC3A,AST-M793OQ,AST-R9CS87",DHAD0A,2025-09-08
LPN-0000085,DEL-000096,"SN36SL8ZNO,SNJBU3ZM3L",2,"AST-DZRWAV,AST-ESMFCA",DHAD0A,2025-09-29
LPN-0000085,DEL-000105,"SN9BLEQ2QR,SNGFA66BHY",2,"AST-7MQZ31,AST-7QPNVM",DHAD0A,2025-10-17
LPN-0000085,DEL-000169,"SNBN3ZVUHX,SNDJTXJXQF,SNQS5SAOUC",3,"AST-9QAOM5,AST-DCN1IY,AST-WVUSTH",DHAD0A,2025-08-17
LPN-0000085,DEL-000178,"SN00ANAEYT,SNDXXXQ76L,SNJWJUPCDY,SNWSZMMZ7L",4,"AST-4XS7C0,AST-7AWCL8,AST-RI7UFV,AST-RVOMEN",DHAD0A,2025-08-17
LPN-0000085,DEL-000186,"SN0VKLTDWQ,SN5SMO6WLJ,SNBBHVH24I,SNCAUDP38C,SNH0583BVA",5,"AST-0XWURF,AST-30XO99,AST-MC8GBQ,AST-RS03T3,AST-VUAWB9",DHAD0A,2025-09-09
LPN-0000086,DEL-000010,"SNON2077O8,SNPOVT6ZR7,SNT39E33TF",3,"AST-B0CXYI,AST-SCWPJ0,AST-YW3CWZ",7T6JDE,2025-09-05
LPN-0000087,DEL-000035,"SNIAP91DCE,SNQPOLES68",2,"AST-2CCXI5,AST-DUA75A",2O539Y,2025-09-30
LPN-0000087,DEL-000086,"SN397FECZX,SNKTUJ4NJ0,SNSVD66V8T",3,"AST-7B9ZY4,AST-I0I56E,AST-YO5EBP",2O539Y,2025-09-30
LPN-0000087,DEL-000205,"SNKSGGHJGQ,SNP0IT8MHZ",2,"AST-28ETPX,AST-DN4VA9",2O539Y,2025-09-30
LPN-0000088,DEL-000114,"SNP5RLE4TI,SNZRZFKQ3W",2,"AST-61PDYV,AST-6ZOYLU",FG9OIJ,2025-10-13
LPN-0000088,DEL-000119,"SNFIQA9OM2,SNR316EBFB,SNSNXC1P9G,SNY4VCQM2C,SNZU93GNKI",5,"AST-1I8CFO,AST-HNZDPY,AST-MAPJMF,AST-QG4N7S,AST-QLOLZU",FG9OIJ,2025-10-13
LPN-0000088,DEL-000170,"SNCD8I9SD0,SNGIM3BXM2,SNH83P31FE,SNK5VLT7CP,SNNGYWJMIT",5,"AST-5C4MP7,AST-CWDFLG,AST-GQLFZE,AST-KM2N5X,AST-OCT104",FG9OIJ,2025-10-13
LPN-0000089,DEL-000099,"SN45SHP8SB,SNBCRL4CDI,SNHEIT3GVJ,SNHI6XI1L5",4,"AST-HTU4TV,AST-QVJXNP,AST-UBP33Y,AST-V9RT0J",K1ZEKQ,2025-10-13
LPN-0000091,DEL-000064,"SNCQ539DDU,SNR1W0DXSD",2,"AST-CZ7TFU,AST-RCFIIQ",6KMZBI,2025-10-10
LPN-0000091,DEL-000098,"SNEKZ6IXJA,SNQOY88H5Y,SNTAP4IL3Q",3,"AST-7ZSYCP,AST-8WO9BU,AST-IB58I6",6KMZBI,2025-10-18
LPN-0000092,DEL-000006,"SNCRZPY66S,SNU1281Q0Z",2,"AST-0FPB5G,AST-RETRDT",L4LFN9,2025-08-29
LPN-0000092,DEL-000089,"SNC8AD3FL2,SNM7NLQ3QN,SNTL81WP19,SNZ0ZYRZVV",4,"AST-7Z2RMT,AST-NXA9TN,AST-S1FLOF,AST-YCNCTH",L4LFN9,2025-09-04
LPN-0000093,DEL-000147,"SNHI1GLX5D,SNN7ZQR240,SNRHGD9F9I,SNXJLLE9R8",4,"AST-GURQX6,AST-JMBXI0,AST-NTXW8K,AST-ZB237R",649KIN,2025-10-05
LPN-0000093,DEL-000194,"SN7F2KT2MW,SNA74CTD91,SNUV11PMMK,SNWJLBT6MB",4,"AST-FIHQ7U,AST-POJSTN,AST-UYCSWM,AST-ZE0PDE",649KIN,2025-09-03
LPN-0000094,DEL-000150,"SN8TGH8MGS,SNYH981K7N",2,"AST-3Q0CXV,AST-M3C8KM",ARZMB4,2025-09-07
LPN-0000095,DEL-000142,"SN126V2G30,SNLUR84TU0",2,"AST-MRUTUK,AST-SU2VPZ",UCMSG5,2025-09-30
LPN-0000096,DEL-000006,"SN0NVANK8F,SN825OPWVQ,SNMZOQGS08,SNQIC79IRR",4,"AST-BODFIH,AST-MRVVNM,AST-SP9BN5,AST-T82H32",4NK34O,2025-08-29
LPN-0000096,DEL-000085,SNRG7D024P,1,AST-4O3VLS,4NK34O,2025-10-17
LPN-0000096,DEL-000184,"SN7COO40EG,SN7JNJ7YNW,SNG5I5H1M7,SNY0XX1E8G,SNYAV8J044",5,"AST-8J69GI,AST-PKRROR,AST-QA9MT6,AST-WAH8KB,AST-XVB21K",4NK34O,2025-08-21
LPN-0000096,DEL-000218,SN7PRF0V7I,1,AST-1BGEBV,4NK34O,2025-09-24
LPN-0000097,DEL-000217,SNZVJAV4RC,1,AST-677KXC,UL8R2N,2025-10-06
LPN-0000098,DEL-000065,"SNETRSHZ3R,SNGLODMXBR,SNNORHM2SA",3,"AST-EJXXGT,AST-MBLC8M,AST-PZBU99",ISC5UO,2025-10-13
LPN-0000098,DEL-000184,"SNB4L3177P,SNCOBERUNG,SNH4PI00DT,SNPRSE9YL7,SNWOV04120",5,"AST-1IO6QP,AST-1O6UBU,AST-1V5SK4,AST-IBB37M,AST-YV1DV7",ISC5UO,2025-10-01
LPN-0000099,DEL-000008,SN15Y9A84V,1,AST-NOYI5W,4KZ2VI,2025-08-21
LPN-0000099,DEL-000039,"SN4R6I9XZZ,SNG205UK2A,SNJYZPXZBJ,SNXNO9OM7Y",4,"AST-98GIW9,AST-Q4FXYW,AST-XVRLHR,AST-YFNGOM",4KZ2VI,2025-09-04
LPN-0000099,DEL-000154,"SN3TCUOMXZ,SNP71DIDJJ,SNWYSU80XX",3,"AST-833VYY,AST-8BCT6E,AST-ETQMQI",4KZ2VI,2025-07-22
LPN-0000100,DEL-000062,"SNCQM1CEST,SNGYB8AMZ2,SNOG2T01PX,SNU597Z036",4,"AST-0OEYRH,AST-AWT4QL,AST-CHK5IL,AST-Q86SW0",OYTI1H,2025-09-30
LPN-0000100,DEL-000154,"SN1VLMX1Z8,SN4E0VZJY5,SNDKZRUJDD",3,"AST-7HNIOC,AST-98Q1D6,AST-CKNGDH",OYTI1H,2025-09-14
LPN-0000100,DEL-000217,"SNAAFQY2XH,SNJDK7RLYY,SNMESHB8MD,SNPDSZUMSF",4,"AST-3QK9YA,AST-ABYPR1,AST-E6R79M,AST-ETPZQI",OYTI1H,2025-10-12
LPN-0000101,DEL-000059,"SN1BA0IS25,SNCYE0A191,SNH0B7D12H",3,"AST-E1THCR,AST-UV9BQ0,AST-ZRXIKU",YRGQK5,2025-10-07
LPN-0000101,DEL-000077,SNHVUAOPMM,1,AST-CDIJE7,YRGQK5,2025-08-21
LPN-0000101,DEL-000119,"SNB1T3DOZB,SNE55GPPHB,SNFZMW8YN2,SNOFC5960J",4,"AST-1VVJBX,AST-5PBQXA,AST-JC61M8,AST-WQURFD",YRGQK5,2025-08-27
LPN-0000102,DEL-000040,SN1FGK6VWF,1,AST-KB0JAU,U5QF8O,2025-09-11
LPN-0000103,DEL-000151,"SN8027TDQH,SNNQVJ4G47,SNW9W37J1K,SNXG18JIVA",4,"AST-HN2XNP,AST-L1VAFQ,AST-PBRWC7,AST-X4SI6N",2LGUZF,2025-09-19
LPN-0000103,DEL-000179,SNPEY2RYUY,1,AST-FKFGHO,2LGUZF,2025-09-23
LPN-0000104,DEL-000144,"SNM97KT0I1,SNQ3ICI853,SNUJE9MHPX",3,"AST-DWJ1OG,AST-EQ7DNP,AST-RO646X",0Y062Z,2025-09-14
LPN-0000104,DEL-000164,"SN5V6R4LJN,SNKOZCKRZI,SNKYAJJPZ7,SNLL52LYGW",4,"AST-2NA0ZK,AST-PE8HJW,AST-Q65R82,AST-WPMWY5",0Y062Z,2025-09-07
LPN-0000105,DEL-000106,SNPN8MPQSF,1,AST-FW662M,FYTD9F,2025-09-19
LPN-0000106,DEL-000011,"SN7Q5OXHOM,SNL0Y19D13",2,"AST-9BS2BU,AST-AZ8P0W",LFXCGN,2025-09-13
LPN-0000106,DEL-000036,"SNCLSSQAIY,SNKN192AOV,SNN3Y9FWPW,SNN9RSEFYJ",4,"AST-9N0I81,AST-NLTETG,AST-XMA2IB,AST-ZVQQBS",LFXCGN,2025-07-11
LPN-0000106,DEL-000163,"SNCFOTRHK4,SNCPI79W5B",2,"AST-C1S4OS,AST-IAMETG",LFXCGN,2025-09-29
LPN-0000107,DEL-000026,"SNE4SGFCFL,SNEJ0ME9N7,SNGT68TW2X,SNNRIC1IPB,SNTROGTY83",5,"AST-1XF537,AST-AZS8S1,AST-N9Q52Y,AST-RHQZ14,AST-RV7ZGB",0AQZTB,2025-09-15
LPN-0000107,DEL-000105,"SN4WPQHLQT,SNBZA47CWW",2,"AST-6X3AVP,AST-QUP7OA",0AQZTB,2025-10-17
LPN-0000109,DEL-000062,"SNHF3RPYF4,SNJTFTE9JQ,SNKPJRX74C,SNPCEADKDP,SNQMGNKFQV",5,"AST-IJ1TY6,AST-KQJTY9,AST-LRYP5S,AST-LYXI0B,AST-QQJ9YE",JOI1K9,2025-09-30
LPN-0000109,DEL-000120,"SNIDD8B3D0,SNO6OGLW8X",2,"AST-C09IJH,AST-V6IZUU",JOI1K9,2025-10-16
LPN-0000110,DEL-000083,"SN1SPMZ6ED,SN5OTDK7AB,SN78K0TKKR,SNMAB3ZVAX,SNNKQIWQM2",5,"AST-DL1AP0,AST-IVFW05,AST-KUK6CY,AST-WCC797,AST-Z331C7",XZIK19,2025-09-18
LPN-0000110,DEL-000117,"SNJAXRQ8J5,SNQIPFXCMD",2,"AST-5SHM4P,AST-7NG9V2",XZIK19,2025-09-22
LPN-0000111,DEL-000115,"SN6U63QA44,SN8X92U5ME",2,"AST-736Z1O,AST-DY423D",ZV6APX,2025-07-12
LPN-0000112,DEL-000167,"SNIL05K0IM,SNMEK6K2C1,SNVPMX16S8",3,"AST-0ZVSSC,AST-R63QU0,AST-SA9EFP",KJK0Y2,2025-07-30
LPN-0000112,DEL-000190,"SN2XK6C8SS,SNCHYBTTUS",2,"AST-HQ38AQ,AST-R0NNYL",KJK0Y2,2025-09-23
LPN-0000113,DEL-000022,"SNJD4BF6E6,SNQICY8QYF,SNZESV9CST",3,"AST-3RI5JL,AST-67RFYQ,AST-VAVS1W",X62MAB,2025-09-14
LPN-0000113,DEL-000101,"SNSYQBJ8VI,SNXTNL9GBF,SNZMWIW3BW",3,"AST-AIFXYR,AST-C4ZSGH,AST-T8YYFB",X62MAB,2025-08-16
LPN-0000113,DEL-000116,SNM885DJVX,1,AST-DI0DPK,X62MAB,2025-10-11
LPN-0000113,DEL-000117,"SN8L20PTCY,SNJ26ZUJPN,SNVAFH8DEN",3,"AST-42IZQU,AST-HC183F,AST-Y8O72Q",X62MAB,2025-09-22
LPN-0000114,DEL-000020,SNYOQEOD1Y,1,AST-G4REBK,YVJV7Y,2025-10-15
LPN-0000114,DEL-000086,"SNFUWP6G9G,SNFVSWPP25,SNTHKQE1XY",3,"AST-N1DBN1,AST-QVN5PO,AST-ZXES5J",YVJV7Y,2025-10-07
LPN-0000114,DEL-000105,"SNO10NA5WZ,SNUAOBSHMI",2,"AST-9I8BNQ,AST-UVZ2PK",YVJV7Y,2025-10-17
LPN-0000115,DEL-000051,"SNCV50R88H,SNM78MLEI7,SNTXGPTLC8,SNX8MDNLIN,SNXZ3K7NVN",5,"AST-DHN0FQ,AST-MOEOST,AST-NVHQK9,AST-R69VDT,AST-Z0RMUJ",E3K4HW,2025-10-17
LPN-0000115,DEL-000058,SNVUFSHE43,1,AST-ZHM1R0,E3K4HW,2025-10-17
LPN-0000115,DEL-000070,SNEY0Y8PGL,1,AST-VW739Y,E3K4HW,2025-10-17
LPN-0000115,DEL-000199,"SNLQG303X3,SNQDNSP4MT",2,"AST-55RNDX,AST-VBRCP1",E3K4HW,2025-10-18
LPN-0000116,DEL-000131,"SN5KNGRAMU,SN6BCKB5YN,SNN1ZI6JKA",3,"AST-2HHEDZ,AST-NMRXDV,AST-ROYIO2",V2GQPO,2025-09-16
LPN-0000116,DEL-000173,"SN2Y4H6D7G,SN57R7RFN7",2,"AST-090DJO,AST-106LRS",V2GQPO,2025-09-13
LPN-0000117,DEL-000036,"SN517AOZL9,SNAPQMB9ZU,SNCWKIE6MY,SNWL64UETH",4,"AST-48MSLD,AST-GPQNBZ,AST-HPAZKB,AST-XJJCE7",TVTV4A,2025-07-21
LPN-0000117,DEL-000104,"SN2VL27YMD,SN44KSQJGA,SN8B0AU7PO,SNFJBZ8HI2,SNYUI2A6H9",5,"AST-9MRBDR,AST-A6ZAF8,AST-OZ8OCS,AST-W421TJ,AST-WG7YHQ",TVTV4A,2025-08-22
LPN-0000117,DEL-000108,"SN4UTE4Q6I,SNAMZALY89,SNPDM9SSRT,SNPPBUZVG9",4,"AST-6BBR11,AST-8WB34N,AST-G6Y17V,AST-KKEOV7",TVTV4A,2025-10-15
LPN-0000117,DEL-000187,"SN0SKNQ83T,SNJRTEYE1Q,SNPDFE41LM",3,"AST-7BL8E4,AST-AXHVM9,AST-TTG6LB",TVTV4A,2025-10-16
LPN-0000117,DEL-000195,SNNZ359UYG,1,AST-M1UT1M,TVTV4A,2025-09-13
LPN-0000120,DEL-000221,"SN1VHVSTFA,SN2JR7UR61,SN5J1GYRR3,SN7UOV8QBZ,SNTD1AFQZZ",5,"AST-62RBYU,AST-MRU6CT,AST-NCVIHQ,AST-P824WH,AST-ZMFJ8N",TB6ERI,2025-09-08
LPN-0000122,DEL-000015,"SN19ZTVBES,SN67HXGWQR,SNRGTY8CN6,SNSO2O0A9F,SNY4NSXH4U",5,"AST-DBIAG1,AST-J16TFR,AST-Q18BF0,AST-UIUVK3,AST-V4808P",41SKLL,2025-10-16
LPN-0000122,DEL-000038,"SNID7SSQG6,SNNN3T1ZAE",2,"AST-JW24CX,AST-TZ08UV",41SKLL,2025-09-16
LPN-0000122,DEL-000200,"SN5DIA8PH6,SNICBPHNCL",2,"AST-CYO5NE,AST-KSZYED",41SKLL,2025-09-20
LPN-0000122,DEL-000208,SNCD40O681,1,AST-N68C82,41SKLL,2025-08-17
LPN-0000123,DEL-000001,SN6HFWR07I,1,AST-9AN944,4PXCI5,2025-09-26
LPN-0000124,DEL-000057,"SNAV8RKLDW,SNEM95X85E,SNUWCQ9B2D",3,"AST-D9HW4D,AST-EMES9B,AST-QBGC89",HKDM72,2025-10-10
LPN-0000124,DEL-000069,"SN6KD5FCKO,SNIM3O7QPO,SNREF57IT9",3,"AST-79QO9V,AST-WIP6OO,AST-XIAZZZ",HKDM72,2025-09-21
LPN-0000125,DEL-000222,"SNB4FG5EYN,SNKHYW0ZU5,SNSJ0GZQKT,SNV9RHURH7,SNZDN6DMWK",5,"AST-8DEA00,AST-BW56KN,AST-D8X0W5,AST-RZAIUM,AST-YFI0Z7",HFZG79,2025-08-27
LPN-0000126,DEL-000001,"SNFLAGBCXX,SNP657RLQ5",2,"AST-69RA54,AST-LB4S1J",O6EEIL,2025-09-26
LPN-0000126,DEL-000035,"SN6SM8W09W,SNFOX7CPUS",2,"AST-JMNKRT,AST-V5AK2S",O6EEIL,2025-09-08
LPN-0000128,DEL-000195,"SNIWSS2ZZV,SNYQF0JIP0",2,"AST-1B447I,AST-2XNEVR",CQJBI8,2025-09-13
LPN-0000129,DEL-000039,"SN9SP349OQ,SNU995ISUI",2,"AST-3Y1UFE,AST-R3W4XM",H16W7A,2025-09-04
LPN-0000129,DEL-000095,"SN7XHT4IB9,SNBOK4M0HT,SNIJHZ9Q0L,SNUHKZVUB1,SNWN696U47",5,"AST-5MAJLG,AST-BFF754,AST-FMFGPX,AST-JACYI2,AST-TW9390",H16W7A,2025-08-29
LPN-0000129,DEL-000218,"SN0XCZKUYQ,SN6GS64Z80,SNZL85CSMD",3,"AST-GOZQ29,AST-GP447E,AST-HNXJC0",H16W7A,2025-09-24
LPN-0000131,DEL-000063,"SN9ZP1MWS8,SNC398L97U,SNN3BN6AII,SNXYN0A9KJ,SNZ11B8MKI",5,"AST-6J22C4,AST-7IE9N5,AST-B2GHIN,AST-TXP9DQ,AST-U5WCI9",5QTOCM,2025-07-26
LPN-0000131,DEL-000150,"SN8KU7U2GM,SNYHLV5P9T",2,"AST-FM6B2Z,AST-R2CRFZ",5QTOCM,2025-09-07
LPN-0000132,DEL-000026,"SN3KQJGI77,SN5TL2B2L8,SN7BMEZGZW,SNBA1MPY0C",4,"AST-CIR62L,AST-I7P2SS,AST-LQ8IXP,AST-S2IK5F",YHW7NH,2025-09-15
LPN-0000132,DEL-000168,"SNCGUKHFJO,SNCT7WCSBS,SNGHWMZ46L,SNVP214GNI,SNWHJO22LW",5,"AST-6JJEQW,AST-GL71G1,AST-I3OH2P,AST-L3O1JP,AST-SHBQXD",YHW7NH,2025-10-14
LPN-0000132,DEL-000175,"SN12NZC5HS,SND06972C7,SNNK3BGSWH,SNXI76CUF7",4,"AST-BWRF0S,AST-MJ52FK,AST-NV23I3,AST-O6YCTS",YHW7NH,2025-08-30
LPN-0000133,DEL-000121,"SN7PQYBIBL,SNMUB928Y8,SNXOU37GOU",3,"AST-9D1RL2,AST-XAVOWG,AST-YO87F6",340GWO,2025-09-12
LPN-0000133,DEL-000146,"SN1MMJRKN0,SNV6D61KYI",2,"AST-8A8E05,AST-WLVR81",340GWO,2025-10-07
LPN-0000134,DEL-000071,"SN473GHR5B,SNCOD3NEVY,SNVVPQ3YBZ",3,"AST-CPKG1J,AST-GTN5AX,AST-RP2U9O",JNM1IV,2025-10-11
LPN-0000134,DEL-000128,SN4PN3VY0N,1,AST-C56PBV,JNM1IV,2025-10-11
LPN-0000134,DEL-000189,"SN0PWE5WHN,SNICFNGNCZ,SNZQ30A5MC",3,"AST-BFX3H1,AST-I85VBP,AST-P1VPP5",JNM1IV,2025-10-15
LPN-0000135,DEL-000089,"SNEHM5TRFP,SNO747OY78",2,"AST-ATTHK3,AST-UJXXUL",6FMZBH,2025-10-15
LPN-0000135,DEL-000162,"SN3SAWDELO,SN917FDAHI,SNEIOGR1AM,SNLEPP13NP,SNR9NITZWG",5,"AST-5OJKIX,AST-8G4DNC,AST-BWNV75,AST-EHV9YX,AST-IQTWR4",6FMZBH,2025-10-13
LPN-0000136,DEL-000020,"SN507L8B1D,SNET08OUSO,SNUDAP56O4,SNZ93ZT73L,SNZRY5Y0II",5,"AST-14QYLB,AST-BB0U1D,AST-FNERNW,AST-FNFH52,AST-PVEF68",4RK2WH,2025-09-11
LPN-0000137,DEL-000101,"SN384SMKVX,SNES6WQDJT,SNQ2KW4M4P,SNRGQZBVY4",4,"AST-63GVB1,AST-N156IT,AST-UZ949W,AST-VWYSPH",59W2GQ,2025-08-16
LPN-0000138,DEL-000144,"SN2HZ9ZRH7,SN3ZBQF3QC,SN71Q7Z0BO,SNPPS9HZW8",4,"AST-6FQGF1,AST-89EZPL,AST-ASBEDM,AST-D5KWAX",WS0Q1O,2025-09-14
LPN-0000139,DEL-000026,"SNC9QOWL8T,SNHBB1ULUJ,SNX5PALL8E,SNZ2RJ06SY",4,"AST-8WUW3Q,AST-IA08JB,AST-LR2D9J,AST-NWW3HX",GD1ZRU,2025-10-08
LPN-0000139,DEL-000206,"SNI5VUBXLH,SNQLSGJV3D",2,"AST-H4RAY0,AST-S5SCMO",GD1ZRU,2025-10-16
LPN-0000139,DEL-000221,"SNE46JZU3J,SNS1EQGOWR",2,"AST-2KEBS1,AST-JA37D5",GD1ZRU,2025-09-08
LPN-0000140,DEL-000033,"SN851796HL,SNF1HEE6JX,SNPI2JPS7Z,SNRBDWALDY,SNYV6KY9KR",5,"AST-29UL9M,AST-3KIR68,AST-40VARX,AST-I0JWP7,AST-ZC0YH4",G57KYO,2025-09-11
LPN-0000141,DEL-000128,SNSREYOSNS,1,AST-VC7IBX,R72UI8,2025-10-16
LPN-0000142,DEL-000029,"SNFYZ9NEP3,SNW670I18L",2,"AST-KSEW15,AST-RM9OLP",2DE6MQ,2025-10-14
LPN-0000142,DEL-000127,"SNCIW4S2PJ,SNIYAIYHX4,SNL97LBFVF,SNWOUA57T8",4,"AST-3OF0H9,AST-6X9T6X,AST-F0R111,AST-NEEEGJ",2DE6MQ,2025-10-07
LPN-0000142,DEL-000208,SNDF5UC491,1,AST-O6VPZZ,2DE6MQ,2025-08-07
LPN-0000143,DEL-000086,"SN497F2XEW,SN93VTZY76",2,"AST-9A8KV4,AST-X6CB6S",FBQ9VP,2025-09-22
LPN-0000143,DEL-000089,"SNIXP5Z89B,SNTGO08OFR",2,"AST-WWVIA3,AST-X221SY",FBQ9VP,2025-09-04
LPN-0000143,DEL-000208,"SN29E79NRS,SN6RUZ3CEP,SNABUC20S0,SNZ4CIKBGE",4,"AST-DXVEAD,AST-MEVQCN,AST-SBGNDL,AST-WSL88I",FBQ9VP,2025-08-07
LPN-0000144,DEL-000104,"SNR6Y72WWU,SNR72ZQVQP,SNT12NEII3",3,"AST-69N0MR,AST-6Q8YDW,AST-RXAJRJ",5BKFQJ,2025-07-28
LPN-0000145,DEL-000027,"SN9XXDACFE,SNEPUP52OK",2,"AST-2V07UR,AST-CTUP6U",RFNYJW,2025-08-28
LPN-0000145,DEL-000065,"SN3VB08WNC,SN9RZKE1DN,SNCFK4XTJX,SNR02YD2RE",4,"AST-45WPT1,AST-A446NA,AST-PFWDO9,AST-YRBW5G",RFNYJW,2025-09-02
LPN-0000145,DEL-000202,"SN5Z1V9FQG,SN7OI7284S,SNIBMZCNDG",3,"AST-01QY23,AST-G50M61,AST-IHPIZZ",RFNYJW,2025-09-19
LPN-0000145,DEL-000220,SNXJP0DGE4,1,AST-QNX6VO,RFNYJW,2025-10-11
LPN-0000147,DEL-000031,SN16B74BWO,1,AST-PWZ8I3,PUDUHP,2025-08-23
LPN-0000148,DEL-000132,SNFSNWARS0,1,AST-ZFHSG3,NPJQPL,2025-10-13
LPN-0000148,DEL-000163,"SN86C637B8,SN8RC9ERER,SNPQJNUTO8",3,"AST-F7AFTI,AST-JFTF51,AST-PDQ6TA",NPJQPL,2025-10-08
LPN-0000149,DEL-000173,"SN3P8LE700,SNNHMPF0RE,SNV3VYBUEK",3,"AST-4YO73P,AST-IZER3E,AST-ZNPZ1M",7PFVZY,2025-09-25
LPN-0000150,DEL-000143,"SN0O28LTXV,SNPP1FVUPL",2,"AST-IMLAFM,AST-UJGJ9D",DW35CB,2025-09-07
LPN-0000151,DEL-000162,"SN5W77BBIG,SNIV3J1OSG,SNN26HHDR2",3,"AST-FWQRP0,AST-V9IEJ6,AST-VOJLW8",EAPM7R,2025-09-03
LPN-0000155,DEL-000086,"SNTH74UV3F,SNZUBRARZX",2,"AST-6HFKAE,AST-6UCSLV",NH36C2,2025-09-22
LPN-0000155,DEL-000111,SNI4I8T8Y4,1,AST-01NFHY,NH36C2,2025-10-08
LPN-0000155,DEL-000197,"SNP0ZSN9Q2,SNR5ZOSMMN,SNWRP2UTJW,SNYF3DAY5T",4,"AST-A4FXOJ,AST-JOHBQP,AST-RT83PC,AST-TPCIOJ",NH36C2,2025-08-21
LPN-0000156,DEL-000065,"SN6LCC2BOF,SN7U0SLQD8,SNSZY5KJ0K,SNYGXLODAA",4,"AST-0HEFIH,AST-DL9G0G,AST-QGCLVZ,AST-XCG57X",XFAOSJ,2025-10-05
LPN-0000157,DEL-000002,SNBFKJACMK,1,AST-HYF6CA,41AWNJ,2025-08-31
LPN-0000157,DEL-000176,"SNG4YA6I0Z,SNPUS92FO0,SNSNBSOLCD,SNZUE3NES7",4,"AST-4DQ53E,AST-A1R8QT,AST-A7HMJZ,AST-VFADCF",41AWNJ,2025-08-09
LPN-0000157,DEL-000192,SNO24YKMLC,1,AST-PEBAXG,41AWNJ,2025-09-24
LPN-0000157,DEL-000220,"SNKCNW6UEN,SNUZ0AZAYL,SNWYGHKA2I",3,"AST-9MXPRX,AST-FVMNRC,AST-NMWLMG",41AWNJ,2025-10-11
LPN-0000158,DEL-000213,"SN2K68FUKN,SNCZ2BTMDG,SNQK7Q3AVM,SNQPA2J68U,SNW4O6O3OM",5,"AST-2458YB,AST-9PGOL8,AST-DVW5RV,AST-FEQV82,AST-ZIIQR7",HXKEZB,2025-07-06
LPN-0000160,DEL-000006,"SN5TSWGQ2O,SNAWPQGVM0",2,"AST-7D9ZAZ,AST-XYFRLG",KSJU00,2025-09-15
LPN-0000160,DEL-000200,SNZ2XU7A0D,1,AST-JUTF5M,KSJU00,2025-09-10
LPN-0000161,DEL-000047,SNDHSTEFBD,1,AST-42PBA7,D261FF,2025-10-07
LPN-0000161,DEL-000179,"SNN3DA1EHT,SNQTQO595Y",2,"AST-B0N9OI,AST-IAB4Y4",D261FF,2025-09-01
LPN-0000162,DEL-000011,"SN2Y8TBKOX,SN5GTHVEPE,SNPIIRZTBG,SNUOQXOEOJ,SNXG9ZIUJ1",5,"AST-H9TUQA,AST-JUFXIK,AST-MEXA5B,AST-PBL93S,AST-SQ574O",6G6WXG,2025-09-13
LPN-0000162,DEL-000152,"SN1GX7GB9K,SN9UPBDKWR,SNCN8WDD5Q,SNI7R77SMR,SNNKE7YPQ6",5,"AST-2UUU3L,AST-4HQNOL,AST-ECCS6O,AST-M5LXX3,AST-QJUGIY",6G6WXG,2025-09-30
LPN-0000163,DEL-000024,SNZV1XNI9J,1,AST-MJBK4J,3IMMZT,2025-10-17
LPN-0000163,DEL-000071,SNWVZHL53H,1,AST-QYDM5Q,3IMMZT,2025-10-03
LPN-0000164,DEL-000193,"SNH7LZMAFC,SNNY3OAOI2",2,"AST-94BR7P,AST-L67LBP",7R4OFJ,2025-08-24
LPN-0000165,DEL-000135,SNVZSU3QN2,1,AST-5A110D,Z9FIRJ,2025-09-15
LPN-0000168,DEL-000204,"SN3HYIWOID,SN4EO8TBV7,SNO5L3X5K5,SNXA6FJ2BW",4,"AST-9VHAXK,AST-GQFG41,AST-KLRKA9,AST-SC11LX",FZ7CEX,2025-10-15
LPN-0000169,DEL-000161,"SN6MAICIS1,SNJM62ROKC,SNOD9HQHJJ",3,"AST-3VV5TI,AST-CQUW5D,AST-F28QYE",LO9W2V,2025-10-17
LPN-0000170,DEL-000043,"SN637KOBOT,SNDD2RJEVH,SNDV5T2K81,SNVTN6B399",4,"AST-D7JT0I,AST-GWXZ4G,AST-IIOUOG,AST-RXI9DV",GJTOA2,2025-09-13
LPN-0000171,DEL-000068,"SN1JOSGNZX,SN21L1UD66,SNK6H5Z0GI,SNLJ1L7Q8I,SNTJS5UBB2",5,"AST-0TS5JY,AST-6XV72L,AST-HKHGQ8,AST-QL4BAQ,AST-SLR7BG",2WUSH8,2025-10-17
LPN-0000172,DEL-000036,"SNOUQLZ75I,SNXWU3HLU7",2,"AST-TS1PRB,AST-XVTDMK",9JLRQB,2025-09-04
LPN-0000172,DEL-000077,SNKUKY2KZ3,1,AST-744OFN,9JLRQB,2025-09-04
LPN-0000172,DEL-000107,"SN71YVK7D8,SNBI4NGH5Y",2,"AST-KGHKE0,AST-VONPLW",9JLRQB,2025-09-04
LPN-0000172,DEL-000141,"SN5SZX94H3,SNIGQPT8Z7,SNR5RPWMM7,SNXI5VE0C1,SNXZNH8Z95",5,"AST-LUWWND,AST-QEN7QW,AST-QI3GC4,AST-QJI8TG,AST-VU4QJ9",9JLRQB,2025-09-22
LPN-0000173,DEL-000007,"SN040EQW4C,SNIOWVWXD5",2,"AST-Y2U754,AST-ZR2CIE",1FU88B,2025-09-20
LPN-0000173,DEL-000178,"SNMT43UEVB,SNT9Q728LH",2,"AST-77SZVJ,AST-AZXL35",1FU88B,2025-09-20
LPN-0000174,DEL-000052,SNV7VBLQZD,1,AST-XALJM0,OSW0ZI,2025-09-04
LPN-0000175,DEL-000096,"SN8GXURYLD,SNI0GSTKVC,SNTELYOYWW,SNX02218T1",4,"AST-6HO8LK,AST-QIPXBK,AST-TMFJQB,AST-ZFEVNM",YXYOS3,2025-09-29
LPN-0000175,DEL-000159,"SN7OD29N2Y,SN9BHV5YUM,SNWX7Q48JQ",3,"AST-1F9IVQ,AST-JFTOIS,AST-ZNDY87",YXYOS3,2025-09-01
LPN-0000177,DEL-000074,SN02AXOE74,1,AST-69LRB6,7O69KA,2025-09-13
LPN-0000177,DEL-000079,"SN55N95DZ6,SN7BICSFBY,SNS7OXO3TO,SNS85NLL06,SNU4A92HJX",5,"AST-05SSJA,AST-G3MVBQ,AST-PJ8JAQ,AST-TN2LYM,AST-X0VN09",7O69KA,2025-08-23
LPN-0000178,DEL-000106,"SNH4ZLERT2,SNL768DL5A",2,"AST-H0A6UH,AST-VEXKR9",KQN11A,2025-09-19
LPN-0000178,DEL-000143,"SN0MYMJBOE,SN8SH89LNP,SNA7DGZ9TN,SNOXR25SM3",4,"AST-1WTBEH,AST-AOHMN6,AST-NWNML9,AST-X4UODH",KQN11A,2025-09-15
LPN-0000178,DEL-000217,"SN43TTQ7WM,SN5UL3N415,SN5WG5LKMW,SN9UHOECSI,SNRUC7QZBR",5,"AST-3EMG6J,AST-5OX89A,AST-8YRYB2,AST-HQ7F5E,AST-RCGR6W",KQN11A,2025-10-06
LPN-0000179,DEL-000130,"SNBLVZAT3B,SNG8AVS0RV,SNOEE52Q65,SNPTKAN6LS,SNUO0WST0L",5,"AST-0KDLYW,AST-6GKNCQ,AST-CGYDIZ,AST-GLMXTM,AST-RR29XD",HY2HD8,2025-10-12
LPN-0000181,DEL-000066,"SN4QD5OR14,SNOLZSB936,SNRC3HG0R9,SNTIF6Z4S3",4,"AST-6XFWK2,AST-G80YU6,AST-Y459PN,AST-Y45O7G",89TMU9,2025-09-05
LPN-0000181,DEL-000081,"SN38508I13,SN6P1PYKBD,SN7S651E7R,SNRQWYQRHF",4,"AST-J5D4TP,AST-R11HJQ,AST-RY1Y70,AST-ZMZ0OB",89TMU9,2025-09-03
LPN-0000181,DEL-000178,SNK8MP38K3,1,AST-KQA7X0,89TMU9,2025-08-26
LPN-0000182,DEL-000094,SNLTI55CT0,1,AST-4VLE8A,PYASL4,2025-10-06
LPN-0000182,DEL-000130,"SN1L6U8JSS,SNBECCB5TF,SNH6XV8TIT,SNPB0ASBIP",4,"AST-1NJ8VE,AST-G8FJJL,AST-NVD47A,AST-YHUWOU",PYASL4,2025-10-06
LPN-0000183,DEL-000077,"SN8TC82KVD,SNPXAITUAN,SNY9Y1OFIX",3,"AST-45BZLE,AST-E4KPSB,AST-MKNGWP",5T6CIG,2025-09-10
LPN-0000183,DEL-000166,"SN1XN3ZR7G,SNBRP4BD6L,SNTASI1HN6,SNWAW068PR",4,"AST-2FSJVL,AST-HLOZXE,AST-K3Y1TQ,AST-L5G0GA",5T6CIG,2025-09-20
LPN-0000186,DEL-000134,"SN6NPGH4H9,SNE0B7QT3E,SNIRRC6Y0X,SNP4E5MPWJ",4,"AST-1YMUCS,AST-LXWFQ1,AST-XKX5GE,AST-Z1MB2Y",2JC5JJ,2025-09-10
LPN-0000186,DEL-000146,"SNJ5GUMLZ0,SNOGWNTNGA,SNSKIPPQ2Y",3,"AST-4GTMRW,AST-IKNXQR,AST-R2P7PL",2JC5JJ,2025-10-07
LPN-0000186,DEL-000161,"SN00EBSTKE,SN0GC60AJX,SN743R2U5L,SNX5JY3L7S",4,"AST-9IRK9V,AST-A8AVGO,AST-LU6HJO,AST-PCCSK9",2JC5JJ,2025-09-29
LPN-0000187,DEL-000107,"SN2MQPJC8M,SNKNHWR830,SNVSKAL0AW",3,"AST-AZQ4VG,AST-CX2Z9H,AST-IUQ16L",IFUISQ,2025-08-20
LPN-0000187,DEL-000195,SNPN37DJ1B,1,AST-2BWUBZ,IFUISQ,2025-09-13
LPN-0000188,DEL-000013,"SNCFWE8VCK,SNLHPBFRMI,SNUF97IDFS",3,"AST-1IQW62,AST-42G2WV,AST-AE7IM5",D3VD9I,2025-09-25
LPN-0000188,DEL-000049,"SN1H1ALIVB,SN2S90IZYJ,SN7V9VDX8G,SNOW3O5HSN,SNQHB58IC3",5,"AST-02SNGL,AST-21FD5E,AST-5MSHGO,AST-EJHIZ3,AST-HCKQGC",D3VD9I,2025-08-26
LPN-0000188,DEL-000137,"SN29W50HRY,SN5CWOZTQH,SNF06FHF14,SNHNQ1YOG8,SNQPNUXZ45",5,"AST-9RKX2D,AST-FDVJX3,AST-TENTD4,AST-W0SRVD,AST-YXEHYU",D3VD9I,2025-09-03
LPN-0000188,DEL-000160,SNVX1HIYPE,1,AST-NL80RU,D3VD9I,2025-09-08
LPN-0000188,DEL-000202,"SNURYMK5S9,SNWOETF7YY",2,"AST-7MOSXH,AST-L6F1FF",D3VD9I,2025-09-14
LPN-0000189,DEL-000116,"SNMAFRO6FP,SNR8M28WAA",2,"AST-72MG7T,AST-7G9PJJ",JU15Y8,2025-10-11
LPN-0000189,DEL-000165,"SNH23V4DAA,SNJZ15YNVS,SNQRKYMQL4",3,"AST-70LYYK,AST-W5LACT,AST-XOOHSK",JU15Y8,2025-08-23
LPN-0000189,DEL-000167,SNHUIXRY01,1,AST-5HCOOW,JU15Y8,2025-07-30
LPN-0000190,DEL-000096,"SN4ZKIWCHH,SN62O6RO85,SNQM5ZKSHZ",3,"AST-9ISEP1,AST-IY01A6,AST-SFFD3F",VQDHYW,2025-09-29
LPN-0000190,DEL-000106,"SN5MABQSZS,SNFON0KAHN,SNYB2Y5I5I",3,"AST-AKPVC3,AST-DAZ2DN,AST-HFLSXJ",VQDHYW,2025-09-18
LPN-0000191,DEL-000177,"SNRC73BDU1,SNWMFPLA5M",2,"AST-WZDX6N,AST-X9583A",RUN242,2025-08-12
LPN-0000191,DEL-000180,"SN1OOXHLLD,SN3PDP7WL2,SN5QQOZWJE,SNJS731HR3,SNKE2S2XI8",5,"AST-6DR8KV,AST-E6PDPT,AST-JYV3KF,AST-R17HQO,AST-RG1JO8",RUN242,2025-10-05
LPN-0000192,DEL-000020,"SNKPKHEMR5,SNMRRT60WD,SNPR2QLAVV",3,"AST-4NPYX5,AST-62H4TP,AST-U48TG2",6TL4KT,2025-07-31
LPN-0000192,DEL-000038,SN99PWGMXP,1,AST-BT3UXP,6TL4KT,2025-09-16
LPN-0000192,DEL-000092,SNPD54RSTM,1,AST-Q4ZTHX,6TL4KT,2025-09-19
LPN-0000193,DEL-000116,"SNG1QP0J5G,SNRN1AIR25",2,"AST-EDA2R4,AST-WSB4TG",J1K795,2025-10-11
LPN-0000193,DEL-000125,"SNG7ENEZQC,SNJP5ZMGAN,SNZXW1AEDD",3,"AST-6HAH6S,AST-R8JVOL,AST-RHEAAN",J1K795,2025-10-12
LPN-0000194,DEL-000038,SN25SGVBG6,1,AST-9L23E6,VTV095,2025-09-16
LPN-0000195,DEL-000156,"SNFXVQZG6U,SNMM707ZNG,SNXFNQ24QO",3,"AST-683NFB,AST-IZR4JN,AST-V28M88",KLNOZM,2025-10-10
LPN-0000195,DEL-000223,"SNKLXK58KP,SNXW1P7DEG",2,"AST-ELY6KJ,AST-HC4V3R",KLNOZM,2025-10-10
LPN-0000196,DEL-000133,"SNQFJH9VFE,SNU285YJWI,SNUGMO2GAT",3,"AST-A2V5FC,AST-BRODYV,AST-DYK5IJ",LLGXE7,2025-08-21
LPN-0000197,DEL-000054,"SN7LZ8KPXQ,SN89NQKOET,SNAJ8N4ONU,SNN3Z4X8ZR,SNXVZ2OJZP",5,"AST-4YJG2A,AST-8VY6IO,AST-D3P7N7,AST-P7SBUL,AST-RP8WAO",JRN9R7,2025-10-12
LPN-0000197,DEL-000065,"SN0SVIFBWC,SN54WN7H8O,SNGFJOTGUN,SNX9SDDELY",4,"AST-6YH4VD,AST-LPPW8F,AST-Q0XU24,AST-RQWEAS",JRN9R7,2025-09-22
LPN-0000197,DEL-000083,"SN0O1TISGW,SN653DR46E,SNNTZMFX4A,SNPN8GWFAX",4,"AST-0OLLOF,AST-8W38T7,AST-JD2RYL,AST-ODBADS",JRN9R7,2025-09-22
LPN-0000198,DEL-000116,"SN0AVZKU4N,SN3FVRJITV,SNHAWJ8JDG",3,"AST-NOPOFJ,AST-NRYYB0,AST-VYC64J",VGBYBP,2025-10-11
LPN-0000199,DEL-000050,"SNWCH5B19B,SNZVOZMQVS",2,"AST-74G7QX,AST-ZALV5Q",EA0NT9,2025-09-07
LPN-0000199,DEL-000065,"SNJRE83PWJ,SNKANKT083,SNM9V8L2PN,SNPT0EERWT,SNR02E5ZHX",5,"AST-0GCJ53,AST-AYBI27,AST-CAKCNO,AST-CDMXZA,AST-SXLV9C",EA0NT9,2025-09-07
LPN-0000199,DEL-000169,"SNQROAFGKU,SNVVNL1PDB,SNYHI5Y4B6",3,"AST-AOGXDI,AST-JXYUWA,AST-YYGCVG",EA0NT9,2025-09-07
LPN-0000200,DEL-000061,SN08QJAH8A,1,AST-E4C2GZ,U69LOT,2025-08-30
LPN-0000200,DEL-000113,SNGWXVEBGQ,1,AST-ZL3W69,U69LOT,2025-10-13
LPN-0000201,DEL-000025,"SN7UZXGNF6,SND9AVYFAT,SNNBF06772,SNOG4OSI4E",4,"AST-3988SN,AST-C9XWNQ,AST-MRCQJC,AST-U4NYA3",V5X5WN,2025-09-27
LPN-0000201,DEL-000053,SN6D3K5Y82,1,AST-RENZXL,V5X5WN,2025-09-27
LPN-0000201,DEL-000139,"SNGAYY5JBG,SNIQ6SQ62H",2,"AST-FQXN2I,AST-K2DOC1",V5X5WN,2025-09-27
LPN-0000202,DEL-000034,"SN39HWVRD7,SNHVVJT513,SNILWPKSME,SNSI517386,SNY2ETC3HS",5,"AST-08SZV1,AST-5O1HU4,AST-62HY8U,AST-7CI1Z1,AST-YAE2Y0",BUV1C5,2025-10-05
LPN-0000202,DEL-000207,"SN0DQD7BLF,SNEFFQBN72,SNMTT4I4H0,SNMWAE23N1,SNRQP3E8RL",5,"AST-2IAU1P,AST-598PTG,AST-8P32L3,AST-OHKV6S,AST-Z7D6JS",BUV1C5,2025-10-06
LPN-0000203,DEL-000217,"SNDA909111,SNN5GFXEJ0,SNNXISW5X8",3,"AST-2DPORD,AST-OZKHJJ,AST-Q7SYNZ",ZZPUY4,2025-10-06
LPN-0000204,DEL-000118,"SN3AR0ZNKN,SN6OHI1NQB,SN9JMD1299,SNCPTDI2S4,SNLP6XBFC2",5,"AST-4IFGET,AST-AKJR5I,AST-GZRSFS,AST-RJJ1NM,AST-TP2G55",7Z2XEK,2025-09-06
LPN-0000204,DEL-000176,SN749S5UIA,1,AST-LJ85KK,7Z2XEK,2025-09-22
LPN-0000204,DEL-000195,"SN0KMBGUUU,SNB29M9APS,SNBYKBJ1ET,SNM07HI3WS,SNVK67Z4E6",5,"AST-2GBZCF,AST-E6NPZ7,AST-VPJ4R0,AST-X9HNQR,AST-Z8YC2S",7Z2XEK,2025-09-25
LPN-0000205,DEL-000154,SNB0DY7NJW,1,AST-RROHF6,LAIKXA,2025-07-11
LPN-0000206,DEL-000138,"SNOHCRK7UN,SNSOPFRTU1",2,"AST-CBTSFY,AST-RU6XV2",GIV25K,2025-08-23
LPN-0000206,DEL-000172,SNMFPJY1JE,1,AST-ZLGW3Z,GIV25K,2025-08-23
LPN-0000206,DEL-000217,SNBPX72N1H,1,AST-RWOHCS,GIV25K,2025-10-06
LPN-0000207,DEL-000079,SN7L3PHHIH,1,AST-HF7GPU,TNWR58,2025-09-19
LPN-0000207,DEL-000089,"SN1IIRXAW4,SN3ZOOD0X7,SNIP5GRWQT,SNNBC07IDW,SNPJDE6N18",5,"AST-4SNAW5,AST-7V8FH0,AST-DZ8SGM,AST-MUGJA8,AST-PMQAOG",TNWR58,2025-10-06
LPN-0000208,DEL-000192,"SN1AQC7XYJ,SN7C31WOZU,SNPI6PNRQE,SNQM8X4A7Z",4,"AST-2K4XRU,AST-BRISVR,AST-CFXU37,AST-W41T2C",Z9ZNG2,2025-08-24
LPN-0000211,DEL-000053,"SNH1PQWXN9,SNWUDYBJBP",2,"AST-9XJ422,AST-TA4VIZ",OB7GRJ,2025-08-04
LPN-0000212,DEL-000108,"SN3VC51UEE,SN7D3DTQ1Q,SNKL0LGCG8,SNNEE07S55",4,"AST-M0QS6Y,AST-M4YA3C,AST-MBYHZH,AST-ZW9OA2",TRGTUR,2025-10-15
LPN-0000212,DEL-000165,"SN6HN6C67Q,SNN7LLYSY3,SNYKZW21MC",3,"AST-1NCY77,AST-N4K7WR,AST-TBDIQQ",TRGTUR,2025-07-13
LPN-0000212,DEL-000189,"SN8EQDSYMW,SN8MR8P2CA,SNDCWAOYDR,SNKCBMZWIB",4,"AST-9B4MW4,AST-GNZVTI,AST-UD29OZ,AST-XA037Q",TRGTUR,2025-08-15
LPN-0000212,DEL-000208,"SN9SY8XYXN,SNV4YLUZZE",2,"AST-BJ14YK,AST-GF3657",TRGTUR,2025-08-07
LPN-0000213,DEL-000093,SNG1DLHW70,1,AST-F4PY1E,DGI431,2025-10-18
LPN-0000213,DEL-000129,"SN7AMCE11E,SNKWV7M1VY,SNMOF2M3GW,SNTK4UL5Y4",4,"AST-3LLLQH,AST-6ACIBP,AST-QEBVRG,AST-UF6LW5",DGI431,2025-09-30
LPN-0000213,DEL-000157,"SN9NJL9AHY,SNBW834E46,SNXKBTR7LQ",3,"AST-6MRMXS,AST-NP02YQ,AST-U50894",DGI431,2025-08-14
LPN-0000214,DEL-000037,"SN0E5DDTUR,SNH0A5RYBE,SNM4W039CF",3,"AST-DPZHZQ,AST-FUSQA3,AST-ZSBLXE",9BZZ99,2025-09-17
LPN-0000214,DEL-000128,"SN1SZWCYBM,SN9FQ5SVES,SNGGCRK13M,SNMP9E17E1",4,"AST-AVZWVR,AST-JAY1C5,AST-MQ1U25,AST-NANYTO",9BZZ99,2025-09-25
LPN-0000214,DEL-000179,"SN4Z67FJVN,SNACD1C41H,SNEQSELE40,SNXPODBUMZ",4,"AST-5EAQSO,AST-S31JMA,AST-UNKJBS,AST-X5EM2J",9BZZ99,2025-09-25
LPN-0000214,DEL-000214,"SN9BB6A3DJ,SNM3VQKB66",2,"AST-4X5PYN,AST-963O2R",9BZZ99,2025-08-18
LPN-0000215,DEL-000035,"SN1FT5L3I8,SN1VIPAPGS,SNRHS1Y9ZY,SNURZ1W3TS,SNZ7K477ZP",5,"AST-0JUKGU,AST-8C454J,AST-ER9T43,AST-W5FI34,AST-YPBPV5",PPH5PU,2025-09-08
LPN-0000215,DEL-000191,SN89R18NQ4,1,AST-IUJTRY,PPH5PU,2025-10-12
LPN-0000216,DEL-000210,"SN045P424Y,SNLNM0ZLS6,SNSJENRUD7",3,"AST-KL1RHT,AST-U3SQ6N,AST-Y8V5HU",XFZY31,2025-09-13
LPN-0000217,DEL-000113,"SN1I6SDFLO,SN4AIONX75,SNXUJIM2M3",3,"AST-7L496J,AST-HILU7S,AST-IMF77K",YMND9D,2025-10-13
LPN-0000217,DEL-000136,"SN20B9H0UN,SN9KG8IN7Q,SNIY0O1111,SNZ9HUVVXN",4,"AST-266007,AST-QCM9MM,AST-QOKPEY,AST-R39XT0",YMND9D,2025-10-10
LPN-0000218,DEL-000029,"SN873OJFYN,SNRRL0N9UC,SNWQHLMHQN",3,"AST-5EPBRT,AST-ME23UC,AST-VY2GKT",OT0X7D,2025-10-14
LPN-0000219,DEL-000048,SN1BUPCK7C,1,AST-RNJIDX,HTDGUT,2025-09-14
LPN-0000219,DEL-000100,SNVA44VWLA,1,AST-FOCJON,HTDGUT,2025-07-08
LPN-0000219,DEL-000123,"SNAE8OI6CP,SNAK49Z1RZ,SNVSA9SHPS,SNXOXAET5T,SNYEX7FA94",5,"AST-1DPKWH,AST-7XTJL0,AST-BVN4JX,AST-GNUZJJ,AST-OS6QTW",HTDGUT,2025-09-25
LPN-0000220,DEL-000142,"SNCW98X9HV,SNJRBUC5GJ",2,"AST-AANL8A,AST-OGNDU5",GN7MWQ,2025-08-14
LPN-0000220,DEL-000164,"SN3KH2R4U2,SNHHAWY521",2,"AST-N9J6AD,AST-VT7XLW",GN7MWQ,2025-08-22
LPN-0000220,DEL-000189,SNSCFKOG50,1,AST-G782V7,GN7MWQ,2025-08-15
LPN-0000220,DEL-000210,SNVKIXYAR0,1,AST-QAUB2T,GN7MWQ,2025-08-14
LPN-0000221,DEL-000171,"SNHQ4OQV7K,SNN1DF1DNF",2,"AST-NDQRPZ,AST-SPPT5P",EWGBX1,2025-10-01
LPN-0000221,DEL-000172,"SN4DVDA0LE,SNWS5FDO9U",2,"AST-BPVPEQ,AST-LUXYQ3",EWGBX1,2025-08-26
LPN-0000222,DEL-000053,"SN4O7M88QD,SNF55Q13L0,SNN1G4PZ0G",3,"AST-7D9P3V,AST-BJJTM3,AST-Y19DGD",Z5P1K9,2025-08-12
LPN-0000222,DEL-000116,"SNABKL694Y,SNKYMPWSEK,SNLYTOLAGN,SNPS5FAMBQ,SNXPVNIHDK",5,"AST-2835WL,AST-AC8T40,AST-BA8B7T,AST-ILU9OL,AST-LBZX0B",Z5P1K9,2025-10-11
LPN-0000223,DEL-000059,"SN0W1CMM8K,SNCUL13D8H,SNDZ8T2DXE,SNHLNA7JUQ",4,"AST-29FPOG,AST-FKFFDJ,AST-FR2JPG,AST-FZWGUK",YB3I9Y,2025-08-05
LPN-0000223,DEL-000202,"SN10E3AP6T,SN8B8HTKGV,SNDGJ6JHMD,SNDZ1G3XSS,SNYH50HEB8",5,"AST-5MS8IW,AST-7R6JEH,AST-C09KCM,AST-D4J134,AST-TKC3CP",YB3I9Y,2025-10-11
LPN-0000224,DEL-000014,"SNETTC87AI,SNXQPXJJB3",2,"AST-546ZLL,AST-7W9EYL",3UIXUV,2025-09-08
LPN-0000224,DEL-000043,"SNGNFOJB0G,SNKPA18GRO,SNZHUVSGV1",3,"AST-BE629G,AST-BVCVSV,AST-G0ORIV",3UIXUV,2025-09-13
LPN-0000224,DEL-000060,SNUPF6TE0Z,1,AST-NCJSAT,3UIXUV,2025-09-08
LPN-0000224,DEL-000112,"SNG3B54G1E,SNILSW94GO",2,"AST-T6F0VE,AST-VQSLK3",3UIXUV,2025-09-12
LPN-0000226,DEL-000196,SNBE4Q35QC,1,AST-IJDHAD,91AA91,2025-08-20
LPN-0000228,DEL-000053,"SNJ4LIUXYF,SNVKOFUJHN",2,"AST-AV92DM,AST-BP6YOW",54O5KE,2025-09-23
LPN-0000228,DEL-000134,"SN0D20YW28,SNBE6647U9,SNTKQVGPGE,SNU7IM0WT6",4,"AST-2M1O2F,AST-7SRS3Q,AST-KJ6CLM,AST-VZ4PFP",54O5KE,2025-09-23
LPN-0000229,DEL-000227,"SNBW6LYCLT,SNC0XIH7TM,SNT1GTWR6K,SNZLTVNFL7",4,"AST-9T9SEP,AST-BONRL7,AST-MRJO1G,AST-T2IYAM",WHSNV5,2025-08-13
LPN-0000230,DEL-000138,SN5A0GJSB7,1,AST-MOPDSB,XR73FQ,2025-07-11
LPN-0000231,DEL-000142,"SN1VMA4WKU,SNSCYK6UFL",2,"AST-GLI32C,AST-Q01M1U",GJ9J1T,2025-07-30
LPN-0000232,DEL-000031,"SN3LPR4SU3,SN81SXBNIA,SNAW9CEMV7",3,"AST-13ZLFQ,AST-2MGB1Z,AST-8AJ70G",6CBEQO,2025-10-17
LPN-0000232,DEL-000100,"SN5U34MGCA,SNZ751A9LL",2,"AST-89880T,AST-NHQUEC",6CBEQO,2025-10-01
LPN-0000232,DEL-000157,"SN5PTSCEQT,SNEDI5OMV9,SNLQDACC39,SNMR310W35,SNPQ0ALMZB",5,"AST-5E2KIE,AST-F46VCW,AST-G0RH35,AST-SD1R13,AST-WFE9QU",6CBEQO,2025-08-31
LPN-0000234,DEL-000123,SNAY76ON5R,1,AST-S31P2Q,QQI8PV,2025-09-27
LPN-0000234,DEL-000163,"SNBTEWD2PY,SNIYUD4JYE,SNLYKDZ77B,SNOX3V5ZS1,SNU181UE7H",5,"AST-1K82PP,AST-5A9QL4,AST-NT50JZ,AST-T08GQZ,AST-TC9MML",QQI8PV,2025-09-29
LPN-0000234,DEL-000186,"SNOB0G0E9A,SNWSTBSAI6",2,"AST-9RBCQJ,AST-A31FIC",QQI8PV,2025-09-27
LPN-0000235,DEL-000129,"SN4KCMTRIL,SN7XRFA7CN,SNI3UUAUIG,SNQ7D3EVFB,SNQDTMVM0P",5,"AST-0T0GFJ,AST-48DE9Z,AST-EBLF5H,AST-NUKPIK,AST-OSK9H1",FKKN7Z,2025-09-02
LPN-0000235,DEL-000226,"SNDULB0PDY,SNLT3KWZQE,SNXVS0EZD6",3,"AST-1OYU2U,AST-JGKDDQ,AST-L7SKHN",FKKN7Z,2025-10-14
LPN-0000236,DEL-000042,"SNACNPR8B1,SNUQJDK5AI,SNWKVS0FFG",3,"AST-GACNS6,AST-L8OGRL,AST-MO7L78",F4M129,2025-10-12
LPN-0000236,DEL-000065,"SN4NG93OP1,SN54EJMXUL",2,"AST-F10JND,AST-UNZXT9",F4M129,2025-10-13
LPN-0000237,DEL-000131,SN5CPXFP5T,1,AST-AGNFW9,MMNW7M,2025-10-07
LPN-0000237,DEL-000217,"SNGZAKP0DW,SNZC28H49R,SNZUJAHTNN,SNZV999G6D",4,"AST-B21U5N,AST-FWZSNG,AST-QDFPWO,AST-UJF3WF",MMNW7M,2025-10-07
LPN-0000238,DEL-000084,"SNIVD4G5F5,SNWKL6U1VP",2,"AST-73V89J,AST-NVATGI",GZXZ3J,2025-08-22
LPN-0000238,DEL-000135,"SN8FLQFKPH,SNCGTCD1T7",2,"AST-VJV5OM,AST-WQ40F3",GZXZ3J,2025-10-14
LPN-0000238,DEL-000152,SNII3RIJWM,1,AST-8JCWX6,GZXZ3J,2025-09-27
LPN-0000239,DEL-000084,"SN4I7T7H8I,SNM9W5OUTR,SNRQLDBFZ6",3,"AST-5A578Z,AST-6EUHPD,AST-DJK42V",ILCA1T,2025-09-23
LPN-0000239,DEL-000122,SN41G1LNVK,1,AST-1KHSW6,ILCA1T,2025-10-16
LPN-0000241,DEL-000045,SNS6D5VQ4J,1,AST-Z9E26X,9FKHPT,2025-10-16
LPN-0000241,DEL-000067,"SN3NMCSX31,SN9WOWTEIU,SNA3B1EHRP,SNPTIMNE8A",4,"AST-BYZIXL,AST-F26HJE,AST-HCOMVR,AST-SGGTKY",9FKHPT,2025-09-05
LPN-0000241,DEL-000075,"SN362H8GGE,SN3JX4AG3W,SN4QD69N4D,SNEM597X5E,SNGLV5IBSQ",5,"AST-8TNP1A,AST-91J9B9,AST-AXVCFA,AST-LWAREI,AST-PZH1D3",9FKHPT,2025-07-25
LPN-0000241,DEL-000206,"SN3UJCAGX1,SND3W5BYH8,SNJJNX16NK,SNPHG74T4L,SNT0VZHVRC",5,"AST-2Q71IW,AST-8ZU2K8,AST-DFHYO7,AST-RF2CKP,AST-UX5VD0",9FKHPT,2025-10-16
LPN-0000242,DEL-000222,"SN2N3BABN3,SN3BIVYW1W,SNQOZHLPC0,SNR4G1G0B5,SNY27TEYTB",5,"AST-79YUSZ,AST-F2YYXQ,AST-G9NXC8,AST-P3A2JG,AST-WUWXRQ",3JK13Q,2025-10-14
LPN-0000243,DEL-000054,"SN2JLBZHU3,SN92WNGR0G,SNP78UE4VE,SNYKMW0DYD,SNZDCPNW1A",5,"AST-3B4G6S,AST-6VVK7A,AST-CECA8I,AST-PHSWG0,AST-ZCKM3V",3K55W4,2025-08-25
LPN-0000245,DEL-000190,"SN83UZ9LC7,SNUMHYM105",2,"AST-64RVXH,AST-F3XSR8",UJOTVC,2025-09-23
LPN-0000246,DEL-000059,SNY58442RF,1,AST-Z7PCUV,F86FSY,2025-10-11
LPN-0000246,DEL-000174,"SNFIH5F8B1,SNIEL68MN0",2,"AST-5036WW,AST-T1KKT6",F86FSY,2025-10-16
LPN-0000247,DEL-000210,SNKERP8LBI,1,AST-FU9FZJ,UO4HHF,2025-10-02
LPN-0000248,DEL-000050,"SN65CXOWOT,SNE0OOKNH7,SNLC8QDE11,SNRA60ET1T,SNRLFPL0WO",5,"AST-3A44US,AST-9EEMND,AST-E3J1HB,AST-FZUAEX,AST-NZ8M8C",DJP76D,2025-10-07
LPN-0000248,DEL-000075,"SNB6YNZ9VN,SNPAZURDTC",2,"AST-5F1AMK,AST-S7A95B",DJP76D,2025-07-29
LPN-0000248,DEL-000163,"SN7XTE6QC5,SNFKTF3ZQS,SNRG2YFVXX",3,"AST-3IXQHH,AST-J38X7J,AST-VQV7SQ",DJP76D,2025-09-29
LPN-0000248,DEL-000218,"SNEZFAVQ4A,SNONQZPTO9",2,"AST-AUFSW6,AST-BU0UXT",DJP76D,2025-09-24
LPN-0000249,DEL-000122,"SN8TW0E1HP,SNFGZ4VIDG,SNFYYAZ00B,SNP5T4WAEC,SNUQNCRRRZ",5,"AST-0HE4W5,AST-5BMQU6,AST-9WGL9R,AST-E8I4TY,AST-R39HC7",DXM0DB,2025-09-24
LPN-0000249,DEL-000178,"SN9JLENDLU,SNH8BX29PV,SNZY7O32CL",3,"AST-AB47FN,AST-QDO76P,AST-UX07L9",DXM0DB,2025-08-29
LPN-0000249,DEL-000225,"SN1KIESJUN,SNBQSSRORV,SNKMB40ZG5,SNMST9XICL,SNYZ9LSPRJ",5,"AST-162FLI,AST-3UM91J,AST-LCQIEN,AST-SLTZQH,AST-SOJKSU",DXM0DB,2025-09-09
